-- phpMyAdmin SQL Dump
-- version 3.2.0.1
-- http://www.phpmyadmin.net
--
-- Host: localhost
-- Generation Time: Jun 06, 2023 at 11:33 AM
-- Server version: 5.1.36
-- PHP Version: 5.3.0

SET SQL_MODE="NO_AUTO_VALUE_ON_ZERO";

--
-- Database: `airjetdb`
--

-- --------------------------------------------------------

--
-- Table structure for table `airport`
--

CREATE TABLE IF NOT EXISTS `airport` (
  `aid` char(6) NOT NULL,
  `city` varchar(20) NOT NULL,
  `country` varchar(20) DEFAULT NULL,
  `terminal` varchar(50) DEFAULT NULL,
  PRIMARY KEY (`aid`)
) ENGINE=InnoDB DEFAULT CHARSET=latin1;

--
-- Dumping data for table `airport`
--

INSERT INTO `airport` (`aid`, `city`, `country`, `terminal`) VALUES
('A001', 'Srinagar', 'Jammu and Kashmir', '2'),
('A002', 'Jaipur', 'Rajasthan', '3'),
('A003', 'Surat', 'Gujarat', '1'),
('A004', 'Mumbai', 'Maharashtra', '4'),
('A005', 'Banglore', 'Karnataka', '2'),
('A006', 'New Delhi', 'Delhi', '1'),
('A007', 'Guwahati', 'Assam', '2');

-- --------------------------------------------------------

--
-- Table structure for table `bank`
--

CREATE TABLE IF NOT EXISTS `bank` (
  `cardno` char(16) NOT NULL,
  `expdate` varchar(5) NOT NULL,
  `cvv` int(3) NOT NULL,
  `name` varchar(20) NOT NULL,
  `balance` decimal(10,0) NOT NULL,
  PRIMARY KEY (`cardno`)
) ENGINE=InnoDB DEFAULT CHARSET=latin1;

--
-- Dumping data for table `bank`
--

INSERT INTO `bank` (`cardno`, `expdate`, `cvv`, `name`, `balance`) VALUES
('1111111111111111', '03/25', 111, 'ram', '-51500'),
('1234123412341234', '02/28', 123, 'raj', '30000');

-- --------------------------------------------------------

--
-- Table structure for table `class`
--

CREATE TABLE IF NOT EXISTS `class` (
  `classid` char(6) NOT NULL,
  `type` varchar(20) NOT NULL,
  PRIMARY KEY (`classid`)
) ENGINE=InnoDB DEFAULT CHARSET=latin1;

--
-- Dumping data for table `class`
--

INSERT INTO `class` (`classid`, `type`) VALUES
('CLASS1', 'First Class'),
('CLASS2', 'Bussiness Class'),
('CLASS3', 'Economic Class');

-- --------------------------------------------------------

--
-- Table structure for table `customer`
--

CREATE TABLE IF NOT EXISTS `customer` (
  `cid` varchar(20) NOT NULL,
  `name` varchar(20) NOT NULL,
  `addr` varchar(50) DEFAULT NULL,
  `age` int(3) DEFAULT NULL,
  `city` varchar(50) NOT NULL,
  `password` varchar(20) NOT NULL,
  `mobile` varchar(10) DEFAULT NULL,
  `email` varchar(50) NOT NULL,
  `otp` char(4) NOT NULL,
  PRIMARY KEY (`cid`)
) ENGINE=InnoDB DEFAULT CHARSET=latin1;

--
-- Dumping data for table `customer`
--

INSERT INTO `customer` (`cid`, `name`, `addr`, `age`, `city`, `password`, `mobile`, `email`, `otp`) VALUES
('C00000', 'raj', 'mumbai,mira road', 30, 'mumbai', '@Password123', '999999999', 'hello@gmail.com', ''),
('C00001', 'abc', 'afd', 1, 'afd', '@Password123', '2147483647', 'abc@email.com', ''),
('C00002', 'abc', '', 10, 'mumbai', '@Password123', '999999999', 'email@email.com', ''),
('C00003', 'ram', '', 30, 'delhi', '@Password123', '2147483647', 'kewaltailor345@gmail.com', ''),
('C00004', 'xyz', '', 10, 'mumbai', '@Password123', '1111111111', 'kewaltailor999@gmail.com', ''),
('C00005', 'aaa', NULL, 20, 'mumbai', '@Password123', '9999999999', 'kewaltailor345@gmail.com', ''),
('C00006', 'abc', '', 20, 'mumbai', '@Password123', '9898989898', 'kewaltailor345@gmail.com', '');

-- --------------------------------------------------------

--
-- Table structure for table `employee`
--

CREATE TABLE IF NOT EXISTS `employee` (
  `eid` char(6) NOT NULL,
  `name` varchar(20) NOT NULL,
  `addr` varchar(50) DEFAULT NULL,
  `age` int(2) DEFAULT NULL,
  `city` varchar(20) DEFAULT NULL,
  `password` varchar(20) NOT NULL,
  `mobile` varchar(10) NOT NULL,
  `email` varchar(50) NOT NULL,
  `post` varchar(30) NOT NULL,
  `salary` int(11) DEFAULT NULL,
  PRIMARY KEY (`eid`)
) ENGINE=InnoDB DEFAULT CHARSET=latin1;

--
-- Dumping data for table `employee`
--

INSERT INTO `employee` (`eid`, `name`, `addr`, `age`, `city`, `password`, `mobile`, `email`, `post`, `salary`) VALUES
('Admin', 'kewal', NULL, 19, 'mumbai', '@Password123', '9999999999', 'kewaltailor345@gmail.com', 'admin', 100000);

-- --------------------------------------------------------

--
-- Table structure for table `fclass`
--

CREATE TABLE IF NOT EXISTS `fclass` (
  `fid` varchar(6) NOT NULL,
  `classid` varchar(6) NOT NULL,
  `cost` decimal(10,0) NOT NULL,
  KEY `fid` (`fid`),
  KEY `classid` (`classid`)
) ENGINE=InnoDB DEFAULT CHARSET=latin1;

--
-- Dumping data for table `fclass`
--

INSERT INTO `fclass` (`fid`, `classid`, `cost`) VALUES
('F0001', 'CLASS1', '8000'),
('F0002', 'CLASS1', '8000'),
('F0003', 'CLASS1', '8000'),
('F0004', 'CLASS1', '8000'),
('F0005', 'CLASS1', '8000'),
('F0006', 'CLASS1', '8000'),
('F0007', 'CLASS1', '8000'),
('F0008', 'CLASS1', '8000'),
('F0009', 'CLASS1', '8000'),
('F0010', 'CLASS1', '8000'),
('F0011', 'CLASS1', '8000'),
('F0012', 'CLASS1', '8000'),
('F0013', 'CLASS1', '8000'),
('F0014', 'CLASS1', '8000'),
('F0015', 'CLASS1', '8000'),
('F0016', 'CLASS1', '8000'),
('F0017', 'CLASS1', '8000'),
('F0018', 'CLASS1', '8000'),
('F0019', 'CLASS1', '8000'),
('F0020', 'CLASS1', '8000'),
('F0021', 'CLASS1', '8000'),
('F0022', 'CLASS1', '8000'),
('F0023', 'CLASS1', '8000'),
('F0024', 'CLASS1', '8000'),
('F0025', 'CLASS1', '8000'),
('F0026', 'CLASS1', '8000'),
('F0027', 'CLASS1', '8000'),
('F0028', 'CLASS1', '8000'),
('F0001', 'CLASS2', '6000'),
('F0002', 'CLASS2', '6000'),
('F0003', 'CLASS2', '6000'),
('F0004', 'CLASS2', '6000'),
('F0005', 'CLASS2', '6000'),
('F0006', 'CLASS2', '6000'),
('F0007', 'CLASS2', '6000'),
('F0008', 'CLASS2', '6000'),
('F0009', 'CLASS2', '6000'),
('F0010', 'CLASS2', '6000'),
('F0011', 'CLASS2', '6000'),
('F0012', 'CLASS2', '6000'),
('F0013', 'CLASS2', '6000'),
('F0014', 'CLASS2', '6000'),
('F0015', 'CLASS2', '6000'),
('F0016', 'CLASS2', '6000'),
('F0017', 'CLASS2', '6000'),
('F0018', 'CLASS2', '6000'),
('F0019', 'CLASS2', '6000'),
('F0020', 'CLASS2', '6000'),
('F0021', 'CLASS2', '6000'),
('F0022', 'CLASS2', '6000'),
('F0023', 'CLASS2', '6000'),
('F0024', 'CLASS2', '6000'),
('F0025', 'CLASS2', '6000'),
('F0026', 'CLASS2', '6000'),
('F0027', 'CLASS2', '6000'),
('F0028', 'CLASS2', '6000'),
('F0001', 'CLASS3', '5000'),
('F0002', 'CLASS3', '5000'),
('F0003', 'CLASS3', '5000'),
('F0004', 'CLASS3', '5000'),
('F0005', 'CLASS3', '5000'),
('F0006', 'CLASS3', '5000'),
('F0007', 'CLASS3', '5000'),
('F0008', 'CLASS3', '5000'),
('F0009', 'CLASS3', '5000'),
('F0010', 'CLASS3', '5000'),
('F0011', 'CLASS3', '5000'),
('F0012', 'CLASS3', '5000'),
('F0013', 'CLASS3', '5000'),
('F0014', 'CLASS3', '5000'),
('F0015', 'CLASS3', '5000'),
('F0016', 'CLASS3', '5000'),
('F0017', 'CLASS3', '5000'),
('F0018', 'CLASS3', '5000'),
('F0019', 'CLASS3', '5000'),
('F0020', 'CLASS3', '5000'),
('F0021', 'CLASS3', '5000'),
('F0022', 'CLASS3', '5000'),
('F0023', 'CLASS3', '5000'),
('F0024', 'CLASS3', '5000'),
('F0025', 'CLASS3', '5000'),
('F0026', 'CLASS3', '5000'),
('F0027', 'CLASS3', '5000'),
('F0028', 'CLASS3', '5000');

-- --------------------------------------------------------

--
-- Table structure for table `flight`
--

CREATE TABLE IF NOT EXISTS `flight` (
  `fid` varchar(6) NOT NULL,
  `no of seats` int(11) NOT NULL,
  `from` varchar(6) NOT NULL,
  `to` varchar(6) NOT NULL,
  `terminal` int(11) NOT NULL,
  `name` varchar(10) NOT NULL,
  PRIMARY KEY (`fid`),
  KEY `to` (`to`),
  KEY `from` (`from`)
) ENGINE=InnoDB DEFAULT CHARSET=latin1;

--
-- Dumping data for table `flight`
--

INSERT INTO `flight` (`fid`, `no of seats`, `from`, `to`, `terminal`, `name`) VALUES
('F0001', 20, 'A001', 'A002', 1, ''),
('F0002', 20, 'A001', 'A006', 1, ''),
('F0003', 20, 'A001', 'A007', 1, ''),
('F0004', 20, 'A001', 'A003', 1, ''),
('F0005', 20, 'A002', 'A003', 1, ''),
('F0006', 20, 'A002', 'A006', 1, ''),
('F0007', 20, 'A002', 'A001', 1, ''),
('F0008', 20, 'A003', 'A001', 1, ''),
('F0009', 20, 'A003', 'A002', 1, ''),
('F0010', 20, 'A003', 'A006', 1, ''),
('F0011', 20, 'A003', 'A004', 1, ''),
('F0012', 20, 'A003', 'A005', 1, ''),
('F0013', 20, 'A004', 'A003', 1, ''),
('F0014', 20, 'A004', 'A005', 1, ''),
('F0015', 20, 'A004', 'A006', 1, ''),
('F0016', 20, 'A005', 'A004', 1, ''),
('F0017', 20, 'A005', 'A003', 1, ''),
('F0018', 20, 'A005', 'A006', 1, ''),
('F0019', 20, 'A005', 'A007', 1, ''),
('F0020', 20, 'A006', 'A001', 1, ''),
('F0021', 20, 'A006', 'A005', 1, ''),
('F0022', 20, 'A006', 'A004', 1, ''),
('F0023', 20, 'A006', 'A003', 1, ''),
('F0024', 20, 'A006', 'A002', 1, ''),
('F0025', 20, 'A006', 'A007', 1, ''),
('F0026', 20, 'A007', 'A001', 1, ''),
('F0027', 20, 'A007', 'A006', 1, ''),
('F0028', 20, 'A007', 'A005', 1, '');

-- --------------------------------------------------------

--
-- Table structure for table `schedule`
--

CREATE TABLE IF NOT EXISTS `schedule` (
  `sid` char(6) NOT NULL,
  `dep_date` date NOT NULL,
  `dep_time` time NOT NULL,
  `arr_date` date NOT NULL,
  `arr_time` time NOT NULL,
  `fid` char(6) NOT NULL,
  PRIMARY KEY (`sid`),
  KEY `fid` (`fid`)
) ENGINE=InnoDB DEFAULT CHARSET=latin1;

--
-- Dumping data for table `schedule`
--

INSERT INTO `schedule` (`sid`, `dep_date`, `dep_time`, `arr_date`, `arr_time`, `fid`) VALUES
('SC0001', '2023-05-24', '06:00:00', '2023-05-24', '07:00:00', 'F0001'),
('SC0002', '2023-05-24', '06:00:00', '2023-05-24', '07:00:00', 'F0002'),
('SC0003', '2023-05-24', '06:00:00', '2023-05-24', '08:00:00', 'F0003'),
('SC0004', '2023-05-24', '08:00:00', '2023-05-24', '10:00:00', 'F0004'),
('SC0005', '2023-05-24', '08:00:00', '2023-05-24', '09:00:00', 'F0005'),
('SC0006', '2023-05-24', '08:00:00', '2023-05-24', '09:00:00', 'F0006'),
('SC0007', '2023-05-24', '21:00:00', '2023-05-24', '22:00:00', 'F0007'),
('SC0008', '2023-05-24', '20:00:00', '2023-05-24', '22:00:00', 'F0008'),
('SC0009', '2023-05-24', '19:00:00', '2023-05-24', '20:00:00', 'F0009'),
('SC0010', '2023-05-24', '10:00:00', '2023-05-24', '11:00:00', 'F0010'),
('SC0011', '2023-05-24', '11:00:00', '2023-05-24', '12:00:00', 'F0011'),
('SC0012', '2023-05-24', '11:00:00', '2023-05-24', '13:00:00', 'F0012'),
('SC0013', '2023-05-24', '17:00:00', '2023-05-24', '18:00:00', 'F0013'),
('SC0014', '2023-05-24', '13:00:00', '2023-05-24', '14:00:00', 'F0014'),
('SC0015', '2023-05-24', '08:00:00', '2023-05-24', '10:00:00', 'F0015'),
('SC0016', '2023-05-24', '15:00:00', '2023-05-24', '16:00:00', 'F0016'),
('SC0017', '2023-05-24', '17:00:00', '2023-05-24', '19:00:00', 'F0017'),
('SC0018', '2023-05-24', '06:00:00', '2023-05-24', '09:00:00', 'F0018'),
('SC0019', '2023-05-24', '14:00:00', '2023-05-24', '17:00:00', 'F0019'),
('SC0020', '2023-05-24', '16:00:00', '2023-05-24', '17:00:00', 'F0020'),
('SC0021', '2023-05-24', '08:00:00', '2023-05-24', '11:00:00', 'F0021'),
('SC0022', '2023-05-24', '12:00:00', '2023-05-24', '14:00:00', 'F0022'),
('SC0023', '2023-05-24', '12:00:00', '2023-05-24', '13:00:00', 'F0023'),
('SC0024', '2023-05-24', '10:00:00', '2023-05-24', '11:00:00', 'F0024'),
('SC0025', '2023-05-24', '13:00:00', '2023-05-24', '14:00:00', 'F0025'),
('SC0026', '2023-05-24', '18:00:00', '2023-05-24', '20:00:00', 'F0026'),
('SC0027', '2023-05-24', '06:00:00', '2023-05-24', '07:00:00', 'F0027'),
('SC0028', '2023-05-24', '09:00:00', '2023-05-24', '12:00:00', 'F0028'),
('SC0029', '2023-05-25', '06:00:00', '2023-05-25', '07:00:00', 'F0001'),
('SC0030', '2023-05-25', '06:00:00', '2023-05-25', '07:00:00', 'F0002'),
('SC0031', '2023-05-25', '06:00:00', '2023-05-25', '08:00:00', 'F0003'),
('SC0032', '2023-05-25', '08:00:00', '2023-05-25', '10:00:00', 'F0004'),
('SC0033', '2023-05-25', '08:00:00', '2023-05-25', '09:00:00', 'F0005'),
('SC0034', '2023-05-25', '08:00:00', '2023-05-25', '09:00:00', 'F0006'),
('SC0035', '2023-05-25', '21:00:00', '2023-05-25', '22:00:00', 'F0007'),
('SC0036', '2023-05-25', '20:00:00', '2023-05-25', '22:00:00', 'F0008'),
('SC0037', '2023-05-25', '19:00:00', '2023-05-25', '20:00:00', 'F0009'),
('SC0038', '2023-05-25', '10:00:00', '2023-05-25', '11:00:00', 'F0010'),
('SC0039', '2023-05-25', '11:00:00', '2023-05-25', '12:00:00', 'F0011'),
('SC0040', '2023-05-25', '11:00:00', '2023-05-25', '13:00:00', 'F0012'),
('SC0041', '2023-05-25', '17:00:00', '2023-05-25', '18:00:00', 'F0013'),
('SC0042', '2023-05-25', '13:00:00', '2023-05-25', '14:00:00', 'F0014'),
('SC0043', '2023-05-25', '08:00:00', '2023-05-25', '10:00:00', 'F0015'),
('SC0044', '2023-05-25', '15:00:00', '2023-05-25', '16:00:00', 'F0016'),
('SC0045', '2023-05-25', '17:00:00', '2023-05-25', '19:00:00', 'F0017'),
('SC0046', '2023-05-25', '06:00:00', '2023-05-25', '09:00:00', 'F0018'),
('SC0047', '2023-05-25', '14:00:00', '2023-05-25', '17:00:00', 'F0019'),
('SC0048', '2023-05-25', '16:00:00', '2023-05-25', '17:00:00', 'F0020'),
('SC0049', '2023-05-25', '08:00:00', '2023-05-25', '11:00:00', 'F0021'),
('SC0050', '2023-05-25', '12:00:00', '2023-05-25', '14:00:00', 'F0022'),
('SC0051', '2023-05-25', '12:00:00', '2023-05-25', '13:00:00', 'F0023'),
('SC0052', '2023-05-25', '10:00:00', '2023-05-25', '11:00:00', 'F0024'),
('SC0053', '2023-05-25', '13:00:00', '2023-05-25', '14:00:00', 'F0025'),
('SC0054', '2023-05-25', '18:00:00', '2023-05-25', '20:00:00', 'F0026'),
('SC0055', '2023-05-25', '06:00:00', '2023-05-25', '07:00:00', 'F0027'),
('SC0056', '2023-05-25', '09:00:00', '2023-05-25', '12:00:00', 'F0028'),
('SC0057', '2023-05-14', '06:00:00', '2023-05-14', '07:00:00', 'F0001'),
('SC0058', '2023-05-14', '06:00:00', '2023-05-14', '07:00:00', 'F0002'),
('SC0059', '2023-05-14', '06:00:00', '2023-05-14', '08:00:00', 'F0003'),
('SC0060', '2023-05-14', '08:00:00', '2023-05-14', '10:00:00', 'F0004'),
('SC0061', '2023-05-14', '08:00:00', '2023-05-14', '09:00:00', 'F0005'),
('SC0062', '2023-05-14', '08:00:00', '2023-05-14', '09:00:00', 'F0006'),
('SC0063', '2023-05-14', '21:00:00', '2023-05-14', '22:00:00', 'F0007'),
('SC0064', '2023-05-14', '20:00:00', '2023-05-14', '22:00:00', 'F0008'),
('SC0065', '2023-05-14', '19:00:00', '2023-05-14', '20:00:00', 'F0009'),
('SC0066', '2023-05-14', '10:00:00', '2023-05-14', '11:00:00', 'F0010'),
('SC0067', '2023-05-14', '11:00:00', '2023-05-14', '12:00:00', 'F0011'),
('SC0068', '2023-05-14', '11:00:00', '2023-05-14', '13:00:00', 'F0012'),
('SC0069', '2023-05-14', '17:00:00', '2023-05-14', '18:00:00', 'F0013'),
('SC0070', '2023-05-14', '13:00:00', '2023-05-14', '14:00:00', 'F0014'),
('SC0071', '2023-05-14', '08:00:00', '2023-05-14', '10:00:00', 'F0015'),
('SC0072', '2023-05-14', '15:00:00', '2023-05-14', '16:00:00', 'F0016'),
('SC0073', '2023-05-14', '17:00:00', '2023-05-14', '19:00:00', 'F0017'),
('SC0074', '2023-05-14', '06:00:00', '2023-05-14', '09:00:00', 'F0018'),
('SC0075', '2023-05-14', '14:00:00', '2023-05-14', '17:00:00', 'F0019'),
('SC0076', '2023-05-14', '16:00:00', '2023-05-14', '17:00:00', 'F0020'),
('SC0077', '2023-05-14', '08:00:00', '2023-05-14', '11:00:00', 'F0021'),
('SC0078', '2023-05-14', '12:00:00', '2023-05-14', '14:00:00', 'F0022'),
('SC0079', '2023-05-14', '12:00:00', '2023-05-14', '13:00:00', 'F0023'),
('SC0080', '2023-05-14', '10:00:00', '2023-05-14', '11:00:00', 'F0024'),
('SC0081', '2023-05-14', '13:00:00', '2023-05-14', '14:00:00', 'F0025'),
('SC0082', '2023-05-14', '18:00:00', '2023-05-14', '20:00:00', 'F0026'),
('SC0083', '2023-05-14', '06:00:00', '2023-05-14', '07:00:00', 'F0027'),
('SC0084', '2023-05-14', '09:00:00', '2023-05-14', '12:00:00', 'F0028'),
('SC0085', '2023-05-15', '06:00:00', '2023-05-15', '07:00:00', 'F0001'),
('SC0086', '2023-05-15', '06:00:00', '2023-05-15', '07:00:00', 'F0002'),
('SC0087', '2023-05-15', '06:00:00', '2023-05-15', '08:00:00', 'F0003'),
('SC0088', '2023-05-15', '08:00:00', '2023-05-15', '10:00:00', 'F0004'),
('SC0089', '2023-05-15', '08:00:00', '2023-05-15', '09:00:00', 'F0005'),
('SC0090', '2023-05-15', '08:00:00', '2023-05-15', '09:00:00', 'F0006'),
('SC0091', '2023-05-15', '21:00:00', '2023-05-15', '22:00:00', 'F0007'),
('SC0092', '2023-05-15', '20:00:00', '2023-05-15', '22:00:00', 'F0008'),
('SC0093', '2023-05-15', '19:00:00', '2023-05-15', '20:00:00', 'F0009'),
('SC0094', '2023-05-15', '10:00:00', '2023-05-15', '11:00:00', 'F0010'),
('SC0095', '2023-05-15', '11:00:00', '2023-05-15', '12:00:00', 'F0011'),
('SC0096', '2023-05-15', '11:00:00', '2023-05-15', '13:00:00', 'F0012'),
('SC0097', '2023-05-15', '17:00:00', '2023-05-15', '18:00:00', 'F0013'),
('SC0098', '2023-05-15', '13:00:00', '2023-05-15', '14:00:00', 'F0014'),
('SC0099', '2023-05-15', '08:00:00', '2023-05-15', '10:00:00', 'F0015'),
('SC0100', '2023-05-15', '15:00:00', '2023-05-15', '16:00:00', 'F0016'),
('SC0101', '2023-05-15', '17:00:00', '2023-05-15', '19:00:00', 'F0017'),
('SC0102', '2023-05-15', '06:00:00', '2023-05-15', '09:00:00', 'F0018'),
('SC0103', '2023-05-15', '14:00:00', '2023-05-15', '17:00:00', 'F0019'),
('SC0104', '2023-05-15', '16:00:00', '2023-05-15', '17:00:00', 'F0020'),
('SC0105', '2023-05-15', '08:00:00', '2023-05-15', '11:00:00', 'F0021'),
('SC0106', '2023-05-15', '12:00:00', '2023-05-15', '14:00:00', 'F0022'),
('SC0107', '2023-05-15', '12:00:00', '2023-05-15', '13:00:00', 'F0023'),
('SC0108', '2023-05-15', '10:00:00', '2023-05-15', '11:00:00', 'F0024'),
('SC0109', '2023-05-15', '13:00:00', '2023-05-15', '14:00:00', 'F0025'),
('SC0110', '2023-05-15', '18:00:00', '2023-05-15', '20:00:00', 'F0026'),
('SC0111', '2023-05-15', '06:00:00', '2023-05-15', '07:00:00', 'F0027'),
('SC0112', '2023-05-15', '09:00:00', '2023-05-15', '12:00:00', 'F0028'),
('SC0113', '2023-05-16', '06:00:00', '2023-05-16', '07:00:00', 'F0001'),
('SC0114', '2023-05-16', '06:00:00', '2023-05-16', '07:00:00', 'F0002'),
('SC0115', '2023-05-16', '06:00:00', '2023-05-16', '08:00:00', 'F0003'),
('SC0116', '2023-05-16', '08:00:00', '2023-05-16', '10:00:00', 'F0004'),
('SC0117', '2023-05-16', '08:00:00', '2023-05-16', '09:00:00', 'F0005'),
('SC0118', '2023-05-16', '08:00:00', '2023-05-16', '09:00:00', 'F0006'),
('SC0119', '2023-05-16', '21:00:00', '2023-05-16', '22:00:00', 'F0007'),
('SC0120', '2023-05-16', '20:00:00', '2023-05-16', '22:00:00', 'F0008'),
('SC0121', '2023-05-16', '19:00:00', '2023-05-16', '20:00:00', 'F0009'),
('SC0122', '2023-05-16', '10:00:00', '2023-05-16', '11:00:00', 'F0010'),
('SC0123', '2023-05-16', '11:00:00', '2023-05-16', '12:00:00', 'F0011'),
('SC0124', '2023-05-16', '11:00:00', '2023-05-16', '13:00:00', 'F0012'),
('SC0125', '2023-05-16', '17:00:00', '2023-05-16', '18:00:00', 'F0013'),
('SC0126', '2023-05-16', '13:00:00', '2023-05-16', '14:00:00', 'F0014'),
('SC0127', '2023-05-16', '08:00:00', '2023-05-16', '10:00:00', 'F0015'),
('SC0128', '2023-05-16', '15:00:00', '2023-05-16', '16:00:00', 'F0016'),
('SC0129', '2023-05-16', '17:00:00', '2023-05-16', '19:00:00', 'F0017'),
('SC0130', '2023-05-16', '06:00:00', '2023-05-16', '09:00:00', 'F0018'),
('SC0131', '2023-05-16', '14:00:00', '2023-05-16', '17:00:00', 'F0019'),
('SC0132', '2023-05-16', '16:00:00', '2023-05-16', '17:00:00', 'F0020'),
('SC0133', '2023-05-16', '08:00:00', '2023-05-16', '11:00:00', 'F0021'),
('SC0134', '2023-05-16', '12:00:00', '2023-05-16', '14:00:00', 'F0022'),
('SC0135', '2023-05-16', '12:00:00', '2023-05-16', '13:00:00', 'F0023'),
('SC0136', '2023-05-16', '10:00:00', '2023-05-16', '11:00:00', 'F0024'),
('SC0137', '2023-05-16', '13:00:00', '2023-05-16', '14:00:00', 'F0025'),
('SC0138', '2023-05-16', '18:00:00', '2023-05-16', '20:00:00', 'F0026'),
('SC0139', '2023-05-16', '06:00:00', '2023-05-16', '07:00:00', 'F0027'),
('SC0140', '2023-05-16', '09:00:00', '2023-05-16', '12:00:00', 'F0028'),
('SC0141', '2023-05-17', '06:00:00', '2023-05-17', '07:00:00', 'F0001'),
('SC0142', '2023-05-17', '06:00:00', '2023-05-17', '07:00:00', 'F0002'),
('SC0143', '2023-05-17', '06:00:00', '2023-05-17', '08:00:00', 'F0003'),
('SC0144', '2023-05-17', '08:00:00', '2023-05-17', '10:00:00', 'F0004'),
('SC0145', '2023-05-17', '08:00:00', '2023-05-17', '09:00:00', 'F0005'),
('SC0146', '2023-05-17', '08:00:00', '2023-05-17', '09:00:00', 'F0006'),
('SC0147', '2023-05-17', '21:00:00', '2023-05-17', '22:00:00', 'F0007'),
('SC0148', '2023-05-17', '20:00:00', '2023-05-17', '22:00:00', 'F0008'),
('SC0149', '2023-05-17', '19:00:00', '2023-05-17', '20:00:00', 'F0009'),
('SC0150', '2023-05-17', '10:00:00', '2023-05-17', '11:00:00', 'F0010'),
('SC0151', '2023-05-17', '11:00:00', '2023-05-17', '12:00:00', 'F0011'),
('SC0152', '2023-05-17', '11:00:00', '2023-05-17', '13:00:00', 'F0012'),
('SC0153', '2023-05-17', '17:00:00', '2023-05-17', '18:00:00', 'F0013'),
('SC0154', '2023-05-17', '13:00:00', '2023-05-17', '14:00:00', 'F0014'),
('SC0155', '2023-05-17', '08:00:00', '2023-05-17', '10:00:00', 'F0015'),
('SC0156', '2023-05-17', '15:00:00', '2023-05-17', '16:00:00', 'F0016'),
('SC0157', '2023-05-17', '17:00:00', '2023-05-17', '19:00:00', 'F0017'),
('SC0158', '2023-05-17', '06:00:00', '2023-05-17', '09:00:00', 'F0018'),
('SC0159', '2023-05-17', '14:00:00', '2023-05-17', '17:00:00', 'F0019'),
('SC0160', '2023-05-17', '16:00:00', '2023-05-17', '17:00:00', 'F0020'),
('SC0161', '2023-05-17', '08:00:00', '2023-05-17', '11:00:00', 'F0021'),
('SC0162', '2023-05-17', '12:00:00', '2023-05-17', '14:00:00', 'F0022'),
('SC0163', '2023-05-17', '12:00:00', '2023-05-17', '13:00:00', 'F0023'),
('SC0164', '2023-05-17', '10:00:00', '2023-05-17', '11:00:00', 'F0024'),
('SC0165', '2023-05-17', '13:00:00', '2023-05-17', '14:00:00', 'F0025'),
('SC0166', '2023-05-17', '18:00:00', '2023-05-17', '20:00:00', 'F0026'),
('SC0167', '2023-05-17', '06:00:00', '2023-05-17', '07:00:00', 'F0027'),
('SC0168', '2023-05-17', '09:00:00', '2023-05-17', '12:00:00', 'F0028'),
('SC0169', '2023-05-18', '06:00:00', '2023-05-18', '07:00:00', 'F0001'),
('SC0170', '2023-05-18', '06:00:00', '2023-05-18', '07:00:00', 'F0002'),
('SC0171', '2023-05-18', '06:00:00', '2023-05-18', '08:00:00', 'F0003'),
('SC0172', '2023-05-18', '08:00:00', '2023-05-18', '10:00:00', 'F0004'),
('SC0173', '2023-05-18', '08:00:00', '2023-05-18', '09:00:00', 'F0005'),
('SC0174', '2023-05-18', '08:00:00', '2023-05-18', '09:00:00', 'F0006'),
('SC0175', '2023-05-18', '21:00:00', '2023-05-18', '22:00:00', 'F0007'),
('SC0176', '2023-05-18', '20:00:00', '2023-05-18', '22:00:00', 'F0008'),
('SC0177', '2023-05-18', '19:00:00', '2023-05-18', '20:00:00', 'F0009'),
('SC0178', '2023-05-18', '10:00:00', '2023-05-18', '11:00:00', 'F0010'),
('SC0179', '2023-05-18', '11:00:00', '2023-05-18', '12:00:00', 'F0011'),
('SC0180', '2023-05-18', '11:00:00', '2023-05-18', '13:00:00', 'F0012'),
('SC0181', '2023-05-18', '17:00:00', '2023-05-18', '18:00:00', 'F0013'),
('SC0182', '2023-05-18', '13:00:00', '2023-05-18', '14:00:00', 'F0014'),
('SC0183', '2023-05-18', '08:00:00', '2023-05-18', '10:00:00', 'F0015'),
('SC0184', '2023-05-18', '15:00:00', '2023-05-18', '16:00:00', 'F0016'),
('SC0185', '2023-05-18', '17:00:00', '2023-05-18', '19:00:00', 'F0017'),
('SC0186', '2023-05-18', '06:00:00', '2023-05-18', '09:00:00', 'F0018'),
('SC0187', '2023-05-18', '14:00:00', '2023-05-18', '17:00:00', 'F0019'),
('SC0188', '2023-05-18', '16:00:00', '2023-05-18', '17:00:00', 'F0020'),
('SC0189', '2023-05-18', '08:00:00', '2023-05-18', '11:00:00', 'F0021'),
('SC0190', '2023-05-18', '12:00:00', '2023-05-18', '14:00:00', 'F0022'),
('SC0191', '2023-05-18', '12:00:00', '2023-05-18', '13:00:00', 'F0023'),
('SC0192', '2023-05-18', '10:00:00', '2023-05-18', '11:00:00', 'F0024'),
('SC0193', '2023-05-18', '13:00:00', '2023-05-18', '14:00:00', 'F0025'),
('SC0194', '2023-05-18', '18:00:00', '2023-05-18', '20:00:00', 'F0026'),
('SC0195', '2023-05-18', '06:00:00', '2023-05-18', '07:00:00', 'F0027'),
('SC0196', '2023-05-18', '09:00:00', '2023-05-18', '12:00:00', 'F0028'),
('SC0197', '2023-05-19', '06:00:00', '2023-05-19', '07:00:00', 'F0001'),
('SC0198', '2023-05-19', '06:00:00', '2023-05-19', '07:00:00', 'F0002'),
('SC0199', '2023-05-19', '06:00:00', '2023-05-19', '08:00:00', 'F0003'),
('SC0200', '2023-05-19', '08:00:00', '2023-05-19', '10:00:00', 'F0004'),
('SC0201', '2023-05-19', '08:00:00', '2023-05-19', '09:00:00', 'F0005'),
('SC0202', '2023-05-19', '08:00:00', '2023-05-19', '09:00:00', 'F0006'),
('SC0203', '2023-05-19', '21:00:00', '2023-05-19', '22:00:00', 'F0007'),
('SC0204', '2023-05-19', '20:00:00', '2023-05-19', '22:00:00', 'F0008'),
('SC0205', '2023-05-19', '19:00:00', '2023-05-19', '20:00:00', 'F0009'),
('SC0206', '2023-05-19', '10:00:00', '2023-05-19', '11:00:00', 'F0010'),
('SC0207', '2023-05-19', '11:00:00', '2023-05-19', '12:00:00', 'F0011'),
('SC0208', '2023-05-19', '11:00:00', '2023-05-19', '13:00:00', 'F0012'),
('SC0209', '2023-05-19', '17:00:00', '2023-05-19', '18:00:00', 'F0013'),
('SC0210', '2023-05-19', '13:00:00', '2023-05-19', '14:00:00', 'F0014'),
('SC0211', '2023-05-19', '08:00:00', '2023-05-19', '10:00:00', 'F0015'),
('SC0212', '2023-05-19', '15:00:00', '2023-05-19', '16:00:00', 'F0016'),
('SC0213', '2023-05-19', '17:00:00', '2023-05-19', '19:00:00', 'F0017'),
('SC0214', '2023-05-19', '06:00:00', '2023-05-19', '09:00:00', 'F0018'),
('SC0215', '2023-05-19', '14:00:00', '2023-05-19', '17:00:00', 'F0019'),
('SC0216', '2023-05-19', '16:00:00', '2023-05-19', '17:00:00', 'F0020'),
('SC0217', '2023-05-19', '08:00:00', '2023-05-19', '11:00:00', 'F0021'),
('SC0218', '2023-05-19', '12:00:00', '2023-05-19', '14:00:00', 'F0022'),
('SC0219', '2023-05-19', '12:00:00', '2023-05-19', '13:00:00', 'F0023'),
('SC0220', '2023-05-19', '10:00:00', '2023-05-19', '11:00:00', 'F0024'),
('SC0221', '2023-05-19', '13:00:00', '2023-05-19', '14:00:00', 'F0025'),
('SC0222', '2023-05-19', '18:00:00', '2023-05-19', '20:00:00', 'F0026'),
('SC0223', '2023-05-19', '06:00:00', '2023-05-19', '07:00:00', 'F0027'),
('SC0224', '2023-05-19', '09:00:00', '2023-05-19', '12:00:00', 'F0028'),
('SC0225', '2023-05-20', '06:00:00', '2023-05-20', '07:00:00', 'F0001'),
('SC0226', '2023-05-20', '06:00:00', '2023-05-20', '07:00:00', 'F0002'),
('SC0227', '2023-05-20', '06:00:00', '2023-05-20', '08:00:00', 'F0003'),
('SC0228', '2023-05-20', '08:00:00', '2023-05-20', '10:00:00', 'F0004'),
('SC0229', '2023-05-20', '08:00:00', '2023-05-20', '09:00:00', 'F0005'),
('SC0230', '2023-05-20', '08:00:00', '2023-05-20', '09:00:00', 'F0006'),
('SC0231', '2023-05-20', '21:00:00', '2023-05-20', '22:00:00', 'F0007'),
('SC0232', '2023-05-20', '20:00:00', '2023-05-20', '22:00:00', 'F0008'),
('SC0233', '2023-05-20', '19:00:00', '2023-05-20', '20:00:00', 'F0009'),
('SC0234', '2023-05-20', '10:00:00', '2023-05-20', '11:00:00', 'F0010'),
('SC0235', '2023-05-20', '11:00:00', '2023-05-20', '12:00:00', 'F0011'),
('SC0236', '2023-05-20', '11:00:00', '2023-05-20', '13:00:00', 'F0012'),
('SC0237', '2023-05-20', '17:00:00', '2023-05-20', '18:00:00', 'F0013'),
('SC0238', '2023-05-20', '13:00:00', '2023-05-20', '14:00:00', 'F0014'),
('SC0239', '2023-05-20', '08:00:00', '2023-05-20', '10:00:00', 'F0015'),
('SC0240', '2023-05-20', '15:00:00', '2023-05-20', '16:00:00', 'F0016'),
('SC0241', '2023-05-20', '17:00:00', '2023-05-20', '19:00:00', 'F0017'),
('SC0242', '2023-05-20', '06:00:00', '2023-05-20', '09:00:00', 'F0018'),
('SC0243', '2023-05-20', '14:00:00', '2023-05-20', '17:00:00', 'F0019'),
('SC0244', '2023-05-20', '16:00:00', '2023-05-20', '17:00:00', 'F0020'),
('SC0245', '2023-05-20', '08:00:00', '2023-05-20', '11:00:00', 'F0021'),
('SC0246', '2023-05-20', '12:00:00', '2023-05-20', '14:00:00', 'F0022'),
('SC0247', '2023-05-20', '12:00:00', '2023-05-20', '13:00:00', 'F0023'),
('SC0248', '2023-05-20', '10:00:00', '2023-05-20', '11:00:00', 'F0024'),
('SC0249', '2023-05-20', '13:00:00', '2023-05-20', '14:00:00', 'F0025'),
('SC0250', '2023-05-20', '18:00:00', '2023-05-20', '20:00:00', 'F0026'),
('SC0251', '2023-05-20', '06:00:00', '2023-05-20', '07:00:00', 'F0027'),
('SC0252', '2023-05-20', '09:00:00', '2023-05-20', '12:00:00', 'F0028'),
('SC0253', '2023-05-21', '06:00:00', '2023-05-21', '07:00:00', 'F0001'),
('SC0254', '2023-05-21', '06:00:00', '2023-05-21', '07:00:00', 'F0002'),
('SC0255', '2023-05-21', '06:00:00', '2023-05-21', '08:00:00', 'F0003'),
('SC0256', '2023-05-21', '08:00:00', '2023-05-21', '10:00:00', 'F0004'),
('SC0257', '2023-05-21', '08:00:00', '2023-05-21', '09:00:00', 'F0005'),
('SC0258', '2023-05-21', '08:00:00', '2023-05-21', '09:00:00', 'F0006'),
('SC0259', '2023-05-21', '21:00:00', '2023-05-21', '22:00:00', 'F0007'),
('SC0260', '2023-05-21', '20:00:00', '2023-05-21', '22:00:00', 'F0008'),
('SC0261', '2023-05-21', '19:00:00', '2023-05-21', '20:00:00', 'F0009'),
('SC0262', '2023-05-21', '10:00:00', '2023-05-21', '11:00:00', 'F0010'),
('SC0263', '2023-05-21', '11:00:00', '2023-05-21', '12:00:00', 'F0011'),
('SC0264', '2023-05-21', '11:00:00', '2023-05-21', '13:00:00', 'F0012'),
('SC0265', '2023-05-21', '17:00:00', '2023-05-21', '18:00:00', 'F0013'),
('SC0266', '2023-05-21', '13:00:00', '2023-05-21', '14:00:00', 'F0014'),
('SC0267', '2023-05-21', '08:00:00', '2023-05-21', '10:00:00', 'F0015'),
('SC0268', '2023-05-21', '15:00:00', '2023-05-21', '16:00:00', 'F0016'),
('SC0269', '2023-05-21', '17:00:00', '2023-05-21', '19:00:00', 'F0017'),
('SC0270', '2023-05-21', '06:00:00', '2023-05-21', '09:00:00', 'F0018'),
('SC0271', '2023-05-21', '14:00:00', '2023-05-21', '17:00:00', 'F0019'),
('SC0272', '2023-05-21', '16:00:00', '2023-05-21', '17:00:00', 'F0020'),
('SC0273', '2023-05-21', '08:00:00', '2023-05-21', '11:00:00', 'F0021'),
('SC0274', '2023-05-21', '12:00:00', '2023-05-21', '14:00:00', 'F0022'),
('SC0275', '2023-05-21', '12:00:00', '2023-05-21', '13:00:00', 'F0023'),
('SC0276', '2023-05-21', '10:00:00', '2023-05-21', '11:00:00', 'F0024'),
('SC0277', '2023-05-21', '13:00:00', '2023-05-21', '14:00:00', 'F0025'),
('SC0278', '2023-05-21', '18:00:00', '2023-05-21', '20:00:00', 'F0026'),
('SC0279', '2023-05-21', '06:00:00', '2023-05-21', '07:00:00', 'F0027'),
('SC0280', '2023-05-21', '09:00:00', '2023-05-21', '12:00:00', 'F0028'),
('SC0281', '2023-05-22', '06:00:00', '2023-05-22', '07:00:00', 'F0001'),
('SC0282', '2023-05-22', '06:00:00', '2023-05-22', '07:00:00', 'F0002'),
('SC0283', '2023-05-22', '06:00:00', '2023-05-22', '08:00:00', 'F0003'),
('SC0284', '2023-05-22', '08:00:00', '2023-05-22', '10:00:00', 'F0004'),
('SC0285', '2023-05-22', '08:00:00', '2023-05-22', '09:00:00', 'F0005'),
('SC0286', '2023-05-22', '08:00:00', '2023-05-22', '09:00:00', 'F0006'),
('SC0287', '2023-05-22', '21:00:00', '2023-05-22', '22:00:00', 'F0007'),
('SC0288', '2023-05-22', '20:00:00', '2023-05-22', '22:00:00', 'F0008'),
('SC0289', '2023-05-22', '19:00:00', '2023-05-22', '20:00:00', 'F0009'),
('SC0290', '2023-05-22', '10:00:00', '2023-05-22', '11:00:00', 'F0010'),
('SC0291', '2023-05-22', '11:00:00', '2023-05-22', '12:00:00', 'F0011'),
('SC0292', '2023-05-22', '11:00:00', '2023-05-22', '13:00:00', 'F0012'),
('SC0293', '2023-05-22', '17:00:00', '2023-05-22', '18:00:00', 'F0013'),
('SC0294', '2023-05-22', '13:00:00', '2023-05-22', '14:00:00', 'F0014'),
('SC0295', '2023-05-22', '08:00:00', '2023-05-22', '10:00:00', 'F0015'),
('SC0296', '2023-05-22', '15:00:00', '2023-05-22', '16:00:00', 'F0016'),
('SC0297', '2023-05-22', '17:00:00', '2023-05-22', '19:00:00', 'F0017'),
('SC0298', '2023-05-22', '06:00:00', '2023-05-22', '09:00:00', 'F0018'),
('SC0299', '2023-05-22', '14:00:00', '2023-05-22', '17:00:00', 'F0019'),
('SC0300', '2023-05-22', '16:00:00', '2023-05-22', '17:00:00', 'F0020'),
('SC0301', '2023-05-22', '08:00:00', '2023-05-22', '11:00:00', 'F0021'),
('SC0302', '2023-05-22', '12:00:00', '2023-05-22', '14:00:00', 'F0022'),
('SC0303', '2023-05-22', '12:00:00', '2023-05-22', '13:00:00', 'F0023'),
('SC0304', '2023-05-22', '10:00:00', '2023-05-22', '11:00:00', 'F0024'),
('SC0305', '2023-05-22', '13:00:00', '2023-05-22', '14:00:00', 'F0025'),
('SC0306', '2023-05-22', '18:00:00', '2023-05-22', '20:00:00', 'F0026'),
('SC0307', '2023-05-22', '06:00:00', '2023-05-22', '07:00:00', 'F0027'),
('SC0308', '2023-05-22', '09:00:00', '2023-05-22', '12:00:00', 'F0028'),
('SC0309', '2023-05-23', '06:00:00', '2023-05-23', '07:00:00', 'F0001'),
('SC0310', '2023-05-23', '06:00:00', '2023-05-23', '07:00:00', 'F0002'),
('SC0311', '2023-05-23', '06:00:00', '2023-05-23', '08:00:00', 'F0003'),
('SC0312', '2023-05-23', '08:00:00', '2023-05-23', '10:00:00', 'F0004'),
('SC0313', '2023-05-23', '08:00:00', '2023-05-23', '09:00:00', 'F0005'),
('SC0314', '2023-05-23', '08:00:00', '2023-05-23', '09:00:00', 'F0006'),
('SC0315', '2023-05-23', '21:00:00', '2023-05-23', '22:00:00', 'F0007'),
('SC0316', '2023-05-23', '20:00:00', '2023-05-23', '22:00:00', 'F0008'),
('SC0317', '2023-05-23', '19:00:00', '2023-05-23', '20:00:00', 'F0009'),
('SC0318', '2023-05-23', '10:00:00', '2023-05-23', '11:00:00', 'F0010'),
('SC0319', '2023-05-23', '11:00:00', '2023-05-23', '12:00:00', 'F0011'),
('SC0320', '2023-05-23', '11:00:00', '2023-05-23', '13:00:00', 'F0012'),
('SC0321', '2023-05-23', '17:00:00', '2023-05-23', '18:00:00', 'F0013'),
('SC0322', '2023-05-23', '13:00:00', '2023-05-23', '14:00:00', 'F0014'),
('SC0323', '2023-05-23', '08:00:00', '2023-05-23', '10:00:00', 'F0015'),
('SC0324', '2023-05-23', '15:00:00', '2023-05-23', '16:00:00', 'F0016'),
('SC0325', '2023-05-23', '17:00:00', '2023-05-23', '19:00:00', 'F0017'),
('SC0326', '2023-05-23', '06:00:00', '2023-05-23', '09:00:00', 'F0018'),
('SC0327', '2023-05-23', '14:00:00', '2023-05-23', '17:00:00', 'F0019'),
('SC0328', '2023-05-23', '16:00:00', '2023-05-23', '17:00:00', 'F0020'),
('SC0329', '2023-05-23', '08:00:00', '2023-05-23', '11:00:00', 'F0021'),
('SC0330', '2023-05-23', '12:00:00', '2023-05-23', '14:00:00', 'F0022'),
('SC0331', '2023-05-23', '12:00:00', '2023-05-23', '13:00:00', 'F0023'),
('SC0332', '2023-05-23', '10:00:00', '2023-05-23', '11:00:00', 'F0024'),
('SC0333', '2023-05-23', '13:00:00', '2023-05-23', '14:00:00', 'F0025'),
('SC0334', '2023-05-23', '18:00:00', '2023-05-23', '20:00:00', 'F0026'),
('SC0335', '2023-05-23', '06:00:00', '2023-05-23', '07:00:00', 'F0027'),
('SC0336', '2023-05-23', '09:00:00', '2023-05-23', '12:00:00', 'F0028');

-- --------------------------------------------------------

--
-- Table structure for table `seat`
--

CREATE TABLE IF NOT EXISTS `seat` (
  `seatno` varchar(6) NOT NULL,
  `aisle` char(2) NOT NULL,
  `classid` varchar(6) NOT NULL,
  PRIMARY KEY (`seatno`),
  KEY `classid` (`classid`)
) ENGINE=InnoDB DEFAULT CHARSET=latin1;

--
-- Dumping data for table `seat`
--

INSERT INTO `seat` (`seatno`, `aisle`, `classid`) VALUES
('S0001', 'rw', 'CLASS1'),
('S0002', 'rm', 'CLASS1'),
('S0003', 'lw', 'CLASS2'),
('S0004', 'lm', 'CLASS2'),
('S0005', 'rw', 'CLASS2'),
('S0006', 'rm', 'CLASS2'),
('S0007', 'lw', 'CLASS3'),
('S0008', 'lm', 'CLASS3'),
('S0009', 'rw', 'CLASS3'),
('S0010', 'rm', 'CLASS3'),
('S0011', 'lw', 'CLASS3'),
('S0012', 'lm', 'CLASS3');

-- --------------------------------------------------------

--
-- Table structure for table `seatschedule`
--

CREATE TABLE IF NOT EXISTS `seatschedule` (
  `seatno` char(6) NOT NULL,
  `sid` char(6) NOT NULL,
  `avail` int(11) NOT NULL,
  KEY `seatno` (`seatno`,`sid`),
  KEY `sid` (`sid`)
) ENGINE=InnoDB DEFAULT CHARSET=latin1;

--
-- Dumping data for table `seatschedule`
--

INSERT INTO `seatschedule` (`seatno`, `sid`, `avail`) VALUES
('S0001', 'SC0001', 1),
('S0002', 'SC0001', 1),
('S0003', 'SC0001', 1),
('S0004', 'SC0001', 1),
('S0005', 'SC0001', 1),
('S0006', 'SC0001', 1),
('S0007', 'SC0001', 1),
('S0008', 'SC0001', 1),
('S0009', 'SC0001', 1),
('S0010', 'SC0001', 1),
('S0011', 'SC0001', 1),
('S0012', 'SC0001', 1),
('S0001', 'SC0002', 1),
('S0002', 'SC0002', 1),
('S0003', 'SC0002', 1),
('S0004', 'SC0002', 1),
('S0005', 'SC0002', 1),
('S0006', 'SC0002', 1),
('S0007', 'SC0002', 1),
('S0008', 'SC0002', 1),
('S0009', 'SC0002', 1),
('S0010', 'SC0002', 1),
('S0011', 'SC0002', 1),
('S0012', 'SC0002', 1),
('S0001', 'SC0003', 1),
('S0002', 'SC0003', 1),
('S0003', 'SC0003', 1),
('S0004', 'SC0003', 1),
('S0005', 'SC0003', 1),
('S0006', 'SC0003', 1),
('S0007', 'SC0003', 1),
('S0008', 'SC0003', 1),
('S0009', 'SC0003', 1),
('S0010', 'SC0003', 1),
('S0011', 'SC0003', 1),
('S0012', 'SC0003', 1),
('S0001', 'SC0004', 1),
('S0002', 'SC0004', 1),
('S0003', 'SC0004', 1),
('S0004', 'SC0004', 1),
('S0005', 'SC0004', 1),
('S0006', 'SC0004', 1),
('S0007', 'SC0004', 1),
('S0008', 'SC0004', 1),
('S0009', 'SC0004', 1),
('S0010', 'SC0004', 1),
('S0011', 'SC0004', 1),
('S0012', 'SC0004', 1),
('S0001', 'SC0005', 1),
('S0002', 'SC0005', 1),
('S0003', 'SC0005', 1),
('S0004', 'SC0005', 1),
('S0005', 'SC0005', 1),
('S0006', 'SC0005', 1),
('S0007', 'SC0005', 1),
('S0008', 'SC0005', 1),
('S0009', 'SC0005', 1),
('S0010', 'SC0005', 1),
('S0011', 'SC0005', 1),
('S0012', 'SC0005', 1),
('S0001', 'SC0006', 1),
('S0002', 'SC0006', 1),
('S0003', 'SC0006', 1),
('S0004', 'SC0006', 1),
('S0005', 'SC0006', 1),
('S0006', 'SC0006', 1),
('S0007', 'SC0006', 1),
('S0008', 'SC0006', 1),
('S0009', 'SC0006', 1),
('S0010', 'SC0006', 1),
('S0011', 'SC0006', 1),
('S0012', 'SC0006', 1),
('S0001', 'SC0007', 1),
('S0002', 'SC0007', 1),
('S0003', 'SC0007', 1),
('S0004', 'SC0007', 1),
('S0005', 'SC0007', 1),
('S0006', 'SC0007', 1),
('S0007', 'SC0007', 1),
('S0008', 'SC0007', 1),
('S0009', 'SC0007', 1),
('S0010', 'SC0007', 1),
('S0011', 'SC0007', 1),
('S0012', 'SC0007', 1),
('S0001', 'SC0008', 1),
('S0002', 'SC0008', 1),
('S0003', 'SC0008', 1),
('S0004', 'SC0008', 1),
('S0005', 'SC0008', 1),
('S0006', 'SC0008', 1),
('S0007', 'SC0008', 1),
('S0008', 'SC0008', 1),
('S0009', 'SC0008', 1),
('S0010', 'SC0008', 1),
('S0011', 'SC0008', 1),
('S0012', 'SC0008', 1),
('S0001', 'SC0009', 1),
('S0002', 'SC0009', 1),
('S0003', 'SC0009', 1),
('S0004', 'SC0009', 1),
('S0005', 'SC0009', 1),
('S0006', 'SC0009', 1),
('S0007', 'SC0009', 1),
('S0008', 'SC0009', 1),
('S0009', 'SC0009', 1),
('S0010', 'SC0009', 1),
('S0011', 'SC0009', 1),
('S0012', 'SC0009', 1),
('S0001', 'SC0010', 1),
('S0002', 'SC0010', 1),
('S0003', 'SC0010', 1),
('S0004', 'SC0010', 1),
('S0005', 'SC0010', 1),
('S0006', 'SC0010', 1),
('S0007', 'SC0010', 1),
('S0008', 'SC0010', 1),
('S0009', 'SC0010', 1),
('S0010', 'SC0010', 1),
('S0011', 'SC0010', 1),
('S0012', 'SC0010', 1),
('S0001', 'SC0011', 1),
('S0002', 'SC0011', 1),
('S0003', 'SC0011', 1),
('S0004', 'SC0011', 1),
('S0005', 'SC0011', 1),
('S0006', 'SC0011', 1),
('S0007', 'SC0011', 1),
('S0008', 'SC0011', 1),
('S0009', 'SC0011', 1),
('S0010', 'SC0011', 1),
('S0011', 'SC0011', 1),
('S0012', 'SC0011', 1),
('S0001', 'SC0012', 1),
('S0002', 'SC0012', 1),
('S0003', 'SC0012', 1),
('S0004', 'SC0012', 1),
('S0005', 'SC0012', 1),
('S0006', 'SC0012', 1),
('S0007', 'SC0012', 1),
('S0008', 'SC0012', 1),
('S0009', 'SC0012', 1),
('S0010', 'SC0012', 1),
('S0011', 'SC0012', 1),
('S0012', 'SC0012', 1),
('S0001', 'SC0013', 1),
('S0002', 'SC0013', 1),
('S0003', 'SC0013', 1),
('S0004', 'SC0013', 1),
('S0005', 'SC0013', 1),
('S0006', 'SC0013', 1),
('S0007', 'SC0013', 1),
('S0008', 'SC0013', 1),
('S0009', 'SC0013', 1),
('S0010', 'SC0013', 1),
('S0011', 'SC0013', 1),
('S0012', 'SC0013', 1),
('S0001', 'SC0014', 1),
('S0002', 'SC0014', 1),
('S0003', 'SC0014', 1),
('S0004', 'SC0014', 1),
('S0005', 'SC0014', 1),
('S0006', 'SC0014', 1),
('S0007', 'SC0014', 1),
('S0008', 'SC0014', 1),
('S0009', 'SC0014', 1),
('S0010', 'SC0014', 1),
('S0011', 'SC0014', 1),
('S0012', 'SC0014', 1),
('S0001', 'SC0015', 1),
('S0002', 'SC0015', 1),
('S0003', 'SC0015', 1),
('S0004', 'SC0015', 1),
('S0005', 'SC0015', 1),
('S0006', 'SC0015', 1),
('S0007', 'SC0015', 1),
('S0008', 'SC0015', 1),
('S0009', 'SC0015', 1),
('S0010', 'SC0015', 1),
('S0011', 'SC0015', 1),
('S0012', 'SC0015', 1),
('S0001', 'SC0016', 1),
('S0002', 'SC0016', 1),
('S0003', 'SC0016', 1),
('S0004', 'SC0016', 1),
('S0005', 'SC0016', 1),
('S0006', 'SC0016', 1),
('S0007', 'SC0016', 1),
('S0008', 'SC0016', 1),
('S0009', 'SC0016', 1),
('S0010', 'SC0016', 1),
('S0011', 'SC0016', 1),
('S0012', 'SC0016', 1),
('S0001', 'SC0017', 1),
('S0002', 'SC0017', 1),
('S0003', 'SC0017', 1),
('S0004', 'SC0017', 1),
('S0005', 'SC0017', 1),
('S0006', 'SC0017', 1),
('S0007', 'SC0017', 1),
('S0008', 'SC0017', 1),
('S0009', 'SC0017', 1),
('S0010', 'SC0017', 1),
('S0011', 'SC0017', 1),
('S0012', 'SC0017', 1),
('S0001', 'SC0018', 1),
('S0002', 'SC0018', 1),
('S0003', 'SC0018', 1),
('S0004', 'SC0018', 1),
('S0005', 'SC0018', 1),
('S0006', 'SC0018', 1),
('S0007', 'SC0018', 1),
('S0008', 'SC0018', 1),
('S0009', 'SC0018', 1),
('S0010', 'SC0018', 1),
('S0011', 'SC0018', 1),
('S0012', 'SC0018', 1),
('S0001', 'SC0019', 1),
('S0002', 'SC0019', 1),
('S0003', 'SC0019', 1),
('S0004', 'SC0019', 1),
('S0005', 'SC0019', 1),
('S0006', 'SC0019', 1),
('S0007', 'SC0019', 1),
('S0008', 'SC0019', 1),
('S0009', 'SC0019', 1),
('S0010', 'SC0019', 1),
('S0011', 'SC0019', 1),
('S0012', 'SC0019', 1),
('S0001', 'SC0020', 1),
('S0002', 'SC0020', 1),
('S0003', 'SC0020', 1),
('S0004', 'SC0020', 1),
('S0005', 'SC0020', 1),
('S0006', 'SC0020', 1),
('S0007', 'SC0020', 1),
('S0008', 'SC0020', 1),
('S0009', 'SC0020', 1),
('S0010', 'SC0020', 1),
('S0011', 'SC0020', 1),
('S0012', 'SC0020', 1),
('S0001', 'SC0021', 1),
('S0002', 'SC0021', 1),
('S0003', 'SC0021', 1),
('S0004', 'SC0021', 1),
('S0005', 'SC0021', 1),
('S0006', 'SC0021', 1),
('S0007', 'SC0021', 1),
('S0008', 'SC0021', 1),
('S0009', 'SC0021', 1),
('S0010', 'SC0021', 1),
('S0011', 'SC0021', 1),
('S0012', 'SC0021', 1),
('S0001', 'SC0022', 1),
('S0002', 'SC0022', 1),
('S0003', 'SC0022', 1),
('S0004', 'SC0022', 1),
('S0005', 'SC0022', 1),
('S0006', 'SC0022', 1),
('S0007', 'SC0022', 1),
('S0008', 'SC0022', 1),
('S0009', 'SC0022', 1),
('S0010', 'SC0022', 1),
('S0011', 'SC0022', 1),
('S0012', 'SC0022', 1),
('S0001', 'SC0023', 1),
('S0002', 'SC0023', 1),
('S0003', 'SC0023', 1),
('S0004', 'SC0023', 1),
('S0005', 'SC0023', 1),
('S0006', 'SC0023', 1),
('S0007', 'SC0023', 1),
('S0008', 'SC0023', 1),
('S0009', 'SC0023', 1),
('S0010', 'SC0023', 1),
('S0011', 'SC0023', 1),
('S0012', 'SC0023', 1),
('S0001', 'SC0024', 1),
('S0002', 'SC0024', 1),
('S0003', 'SC0024', 1),
('S0004', 'SC0024', 1),
('S0005', 'SC0024', 1),
('S0006', 'SC0024', 1),
('S0007', 'SC0024', 1),
('S0008', 'SC0024', 1),
('S0009', 'SC0024', 1),
('S0010', 'SC0024', 1),
('S0011', 'SC0024', 1),
('S0012', 'SC0024', 1),
('S0001', 'SC0025', 1),
('S0002', 'SC0025', 1),
('S0003', 'SC0025', 1),
('S0004', 'SC0025', 1),
('S0005', 'SC0025', 1),
('S0006', 'SC0025', 1),
('S0007', 'SC0025', 1),
('S0008', 'SC0025', 1),
('S0009', 'SC0025', 1),
('S0010', 'SC0025', 1),
('S0011', 'SC0025', 1),
('S0012', 'SC0025', 1),
('S0001', 'SC0026', 1),
('S0002', 'SC0026', 1),
('S0003', 'SC0026', 1),
('S0004', 'SC0026', 1),
('S0005', 'SC0026', 1),
('S0006', 'SC0026', 1),
('S0007', 'SC0026', 1),
('S0008', 'SC0026', 1),
('S0009', 'SC0026', 1),
('S0010', 'SC0026', 1),
('S0011', 'SC0026', 1),
('S0012', 'SC0026', 1),
('S0001', 'SC0027', 1),
('S0002', 'SC0027', 1),
('S0003', 'SC0027', 1),
('S0004', 'SC0027', 1),
('S0005', 'SC0027', 1),
('S0006', 'SC0027', 1),
('S0007', 'SC0027', 1),
('S0008', 'SC0027', 1),
('S0009', 'SC0027', 1),
('S0010', 'SC0027', 1),
('S0011', 'SC0027', 1),
('S0012', 'SC0027', 1),
('S0001', 'SC0028', 1),
('S0002', 'SC0028', 1),
('S0003', 'SC0028', 1),
('S0004', 'SC0028', 1),
('S0005', 'SC0028', 1),
('S0006', 'SC0028', 1),
('S0007', 'SC0028', 1),
('S0008', 'SC0028', 1),
('S0009', 'SC0028', 1),
('S0010', 'SC0028', 1),
('S0011', 'SC0028', 1),
('S0012', 'SC0028', 1),
('S0001', 'SC0029', 1),
('S0002', 'SC0029', 1),
('S0003', 'SC0029', 1),
('S0004', 'SC0029', 1),
('S0005', 'SC0029', 1),
('S0006', 'SC0029', 1),
('S0007', 'SC0029', 1),
('S0008', 'SC0029', 1),
('S0009', 'SC0029', 1),
('S0010', 'SC0029', 1),
('S0011', 'SC0029', 1),
('S0012', 'SC0029', 1),
('S0001', 'SC0030', 1),
('S0002', 'SC0030', 1),
('S0003', 'SC0030', 1),
('S0004', 'SC0030', 1),
('S0005', 'SC0030', 1),
('S0006', 'SC0030', 1),
('S0007', 'SC0030', 1),
('S0008', 'SC0030', 1),
('S0009', 'SC0030', 1),
('S0010', 'SC0030', 1),
('S0011', 'SC0030', 1),
('S0012', 'SC0030', 1),
('S0001', 'SC0031', 1),
('S0002', 'SC0031', 1),
('S0003', 'SC0031', 1),
('S0004', 'SC0031', 1),
('S0005', 'SC0031', 1),
('S0006', 'SC0031', 1),
('S0007', 'SC0031', 1),
('S0008', 'SC0031', 1),
('S0009', 'SC0031', 1),
('S0010', 'SC0031', 1),
('S0011', 'SC0031', 1),
('S0012', 'SC0031', 1),
('S0001', 'SC0032', 1),
('S0002', 'SC0032', 1),
('S0003', 'SC0032', 1),
('S0004', 'SC0032', 1),
('S0005', 'SC0032', 1),
('S0006', 'SC0032', 1),
('S0007', 'SC0032', 1),
('S0008', 'SC0032', 1),
('S0009', 'SC0032', 1),
('S0010', 'SC0032', 1),
('S0011', 'SC0032', 1),
('S0012', 'SC0032', 1),
('S0001', 'SC0033', 1),
('S0002', 'SC0033', 1),
('S0003', 'SC0033', 1),
('S0004', 'SC0033', 1),
('S0005', 'SC0033', 1),
('S0006', 'SC0033', 1),
('S0007', 'SC0033', 1),
('S0008', 'SC0033', 1),
('S0009', 'SC0033', 1),
('S0010', 'SC0033', 1),
('S0011', 'SC0033', 1),
('S0012', 'SC0033', 1),
('S0001', 'SC0034', 1),
('S0002', 'SC0034', 1),
('S0003', 'SC0034', 1),
('S0004', 'SC0034', 1),
('S0005', 'SC0034', 1),
('S0006', 'SC0034', 1),
('S0007', 'SC0034', 1),
('S0008', 'SC0034', 1),
('S0009', 'SC0034', 1),
('S0010', 'SC0034', 1),
('S0011', 'SC0034', 1),
('S0012', 'SC0034', 1),
('S0001', 'SC0035', 1),
('S0002', 'SC0035', 1),
('S0003', 'SC0035', 1),
('S0004', 'SC0035', 1),
('S0005', 'SC0035', 1),
('S0006', 'SC0035', 1),
('S0007', 'SC0035', 1),
('S0008', 'SC0035', 1),
('S0009', 'SC0035', 1),
('S0010', 'SC0035', 1),
('S0011', 'SC0035', 1),
('S0012', 'SC0035', 1),
('S0001', 'SC0036', 1),
('S0002', 'SC0036', 1),
('S0003', 'SC0036', 1),
('S0004', 'SC0036', 1),
('S0005', 'SC0036', 1),
('S0006', 'SC0036', 1),
('S0007', 'SC0036', 1),
('S0008', 'SC0036', 1),
('S0009', 'SC0036', 1),
('S0010', 'SC0036', 1),
('S0011', 'SC0036', 1),
('S0012', 'SC0036', 1),
('S0001', 'SC0037', 1),
('S0002', 'SC0037', 1),
('S0003', 'SC0037', 1),
('S0004', 'SC0037', 1),
('S0005', 'SC0037', 1),
('S0006', 'SC0037', 1),
('S0007', 'SC0037', 1),
('S0008', 'SC0037', 1),
('S0009', 'SC0037', 1),
('S0010', 'SC0037', 1),
('S0011', 'SC0037', 1),
('S0012', 'SC0037', 1),
('S0001', 'SC0038', 1),
('S0002', 'SC0038', 1),
('S0003', 'SC0038', 1),
('S0004', 'SC0038', 1),
('S0005', 'SC0038', 1),
('S0006', 'SC0038', 1),
('S0007', 'SC0038', 1),
('S0008', 'SC0038', 1),
('S0009', 'SC0038', 1),
('S0010', 'SC0038', 1),
('S0011', 'SC0038', 1),
('S0012', 'SC0038', 1),
('S0001', 'SC0039', 1),
('S0002', 'SC0039', 1),
('S0003', 'SC0039', 1),
('S0004', 'SC0039', 1),
('S0005', 'SC0039', 1),
('S0006', 'SC0039', 1),
('S0007', 'SC0039', 1),
('S0008', 'SC0039', 1),
('S0009', 'SC0039', 1),
('S0010', 'SC0039', 1),
('S0011', 'SC0039', 1),
('S0012', 'SC0039', 1),
('S0001', 'SC0040', 1),
('S0002', 'SC0040', 1),
('S0003', 'SC0040', 1),
('S0004', 'SC0040', 1),
('S0005', 'SC0040', 1),
('S0006', 'SC0040', 1),
('S0007', 'SC0040', 1),
('S0008', 'SC0040', 1),
('S0009', 'SC0040', 1),
('S0010', 'SC0040', 1),
('S0011', 'SC0040', 1),
('S0012', 'SC0040', 1),
('S0001', 'SC0041', 1),
('S0002', 'SC0041', 1),
('S0003', 'SC0041', 1),
('S0004', 'SC0041', 1),
('S0005', 'SC0041', 1),
('S0006', 'SC0041', 1),
('S0007', 'SC0041', 1),
('S0008', 'SC0041', 1),
('S0009', 'SC0041', 1),
('S0010', 'SC0041', 1),
('S0011', 'SC0041', 1),
('S0012', 'SC0041', 1),
('S0001', 'SC0042', 1),
('S0002', 'SC0042', 1),
('S0003', 'SC0042', 1),
('S0004', 'SC0042', 1),
('S0005', 'SC0042', 1),
('S0006', 'SC0042', 1),
('S0007', 'SC0042', 1),
('S0008', 'SC0042', 1),
('S0009', 'SC0042', 1),
('S0010', 'SC0042', 1),
('S0011', 'SC0042', 1),
('S0012', 'SC0042', 1),
('S0001', 'SC0043', 1),
('S0002', 'SC0043', 1),
('S0003', 'SC0043', 1),
('S0004', 'SC0043', 1),
('S0005', 'SC0043', 1),
('S0006', 'SC0043', 1),
('S0007', 'SC0043', 1),
('S0008', 'SC0043', 1),
('S0009', 'SC0043', 1),
('S0010', 'SC0043', 1),
('S0011', 'SC0043', 1),
('S0012', 'SC0043', 1),
('S0001', 'SC0044', 1),
('S0002', 'SC0044', 1),
('S0003', 'SC0044', 1),
('S0004', 'SC0044', 1),
('S0005', 'SC0044', 1),
('S0006', 'SC0044', 1),
('S0007', 'SC0044', 1),
('S0008', 'SC0044', 1),
('S0009', 'SC0044', 1),
('S0010', 'SC0044', 1),
('S0011', 'SC0044', 1),
('S0012', 'SC0044', 1),
('S0001', 'SC0045', 1),
('S0002', 'SC0045', 1),
('S0003', 'SC0045', 1),
('S0004', 'SC0045', 1),
('S0005', 'SC0045', 1),
('S0006', 'SC0045', 1),
('S0007', 'SC0045', 1),
('S0008', 'SC0045', 1),
('S0009', 'SC0045', 1),
('S0010', 'SC0045', 1),
('S0011', 'SC0045', 1),
('S0012', 'SC0045', 1),
('S0001', 'SC0046', 1),
('S0002', 'SC0046', 1),
('S0003', 'SC0046', 1),
('S0004', 'SC0046', 1),
('S0005', 'SC0046', 1),
('S0006', 'SC0046', 1),
('S0007', 'SC0046', 1),
('S0008', 'SC0046', 1),
('S0009', 'SC0046', 1),
('S0010', 'SC0046', 1),
('S0011', 'SC0046', 1),
('S0012', 'SC0046', 1),
('S0001', 'SC0047', 1),
('S0002', 'SC0047', 1),
('S0003', 'SC0047', 1),
('S0004', 'SC0047', 1),
('S0005', 'SC0047', 1),
('S0006', 'SC0047', 1),
('S0007', 'SC0047', 1),
('S0008', 'SC0047', 1),
('S0009', 'SC0047', 1),
('S0010', 'SC0047', 1),
('S0011', 'SC0047', 1),
('S0012', 'SC0047', 1),
('S0001', 'SC0048', 1),
('S0002', 'SC0048', 1),
('S0003', 'SC0048', 1),
('S0004', 'SC0048', 1),
('S0005', 'SC0048', 1),
('S0006', 'SC0048', 1),
('S0007', 'SC0048', 1),
('S0008', 'SC0048', 1),
('S0009', 'SC0048', 1),
('S0010', 'SC0048', 1),
('S0011', 'SC0048', 1),
('S0012', 'SC0048', 1),
('S0001', 'SC0049', 1),
('S0002', 'SC0049', 1),
('S0003', 'SC0049', 1),
('S0004', 'SC0049', 1),
('S0005', 'SC0049', 1),
('S0006', 'SC0049', 1),
('S0007', 'SC0049', 1),
('S0008', 'SC0049', 1),
('S0009', 'SC0049', 1),
('S0010', 'SC0049', 1),
('S0011', 'SC0049', 1),
('S0012', 'SC0049', 1),
('S0001', 'SC0050', 1),
('S0002', 'SC0050', 1),
('S0003', 'SC0050', 1),
('S0004', 'SC0050', 1),
('S0005', 'SC0050', 1),
('S0006', 'SC0050', 1),
('S0007', 'SC0050', 1),
('S0008', 'SC0050', 1),
('S0009', 'SC0050', 1),
('S0010', 'SC0050', 1),
('S0011', 'SC0050', 1),
('S0012', 'SC0050', 1),
('S0001', 'SC0051', 1),
('S0002', 'SC0051', 1),
('S0003', 'SC0051', 1),
('S0004', 'SC0051', 1),
('S0005', 'SC0051', 1),
('S0006', 'SC0051', 1),
('S0007', 'SC0051', 1),
('S0008', 'SC0051', 1),
('S0009', 'SC0051', 1),
('S0010', 'SC0051', 1),
('S0011', 'SC0051', 1),
('S0012', 'SC0051', 1),
('S0001', 'SC0052', 1),
('S0002', 'SC0052', 1),
('S0003', 'SC0052', 1),
('S0004', 'SC0052', 1),
('S0005', 'SC0052', 1),
('S0006', 'SC0052', 1),
('S0007', 'SC0052', 1),
('S0008', 'SC0052', 1),
('S0009', 'SC0052', 1),
('S0010', 'SC0052', 1),
('S0011', 'SC0052', 1),
('S0012', 'SC0052', 1),
('S0001', 'SC0053', 1),
('S0002', 'SC0053', 1),
('S0003', 'SC0053', 1),
('S0004', 'SC0053', 1),
('S0005', 'SC0053', 1),
('S0006', 'SC0053', 1),
('S0007', 'SC0053', 1),
('S0008', 'SC0053', 1),
('S0009', 'SC0053', 1),
('S0010', 'SC0053', 1),
('S0011', 'SC0053', 1),
('S0012', 'SC0053', 1),
('S0001', 'SC0054', 1),
('S0002', 'SC0054', 1),
('S0003', 'SC0054', 1),
('S0004', 'SC0054', 1),
('S0005', 'SC0054', 1),
('S0006', 'SC0054', 1),
('S0007', 'SC0054', 1),
('S0008', 'SC0054', 1),
('S0009', 'SC0054', 1),
('S0010', 'SC0054', 1),
('S0011', 'SC0054', 1),
('S0012', 'SC0054', 1),
('S0001', 'SC0055', 1),
('S0002', 'SC0055', 1),
('S0003', 'SC0055', 1),
('S0004', 'SC0055', 1),
('S0005', 'SC0055', 1),
('S0006', 'SC0055', 1),
('S0007', 'SC0055', 1),
('S0008', 'SC0055', 1),
('S0009', 'SC0055', 1),
('S0010', 'SC0055', 1),
('S0011', 'SC0055', 1),
('S0012', 'SC0055', 1),
('S0001', 'SC0056', 1),
('S0002', 'SC0056', 1),
('S0003', 'SC0056', 1),
('S0004', 'SC0056', 1),
('S0005', 'SC0056', 1),
('S0006', 'SC0056', 1),
('S0007', 'SC0056', 1),
('S0008', 'SC0056', 1),
('S0009', 'SC0056', 1),
('S0010', 'SC0056', 1),
('S0011', 'SC0056', 1),
('S0012', 'SC0056', 1),
('S0001', 'SC0057', 1),
('S0002', 'SC0057', 1),
('S0003', 'SC0057', 1),
('S0004', 'SC0057', 1),
('S0005', 'SC0057', 1),
('S0006', 'SC0057', 1),
('S0007', 'SC0057', 1),
('S0008', 'SC0057', 1),
('S0009', 'SC0057', 1),
('S0010', 'SC0057', 1),
('S0011', 'SC0057', 1),
('S0012', 'SC0057', 1),
('S0001', 'SC0058', 1),
('S0002', 'SC0058', 1),
('S0003', 'SC0058', 1),
('S0004', 'SC0058', 1),
('S0005', 'SC0058', 1),
('S0006', 'SC0058', 1),
('S0007', 'SC0058', 1),
('S0008', 'SC0058', 1),
('S0009', 'SC0058', 1),
('S0010', 'SC0058', 1),
('S0011', 'SC0058', 1),
('S0012', 'SC0058', 1),
('S0001', 'SC0059', 1),
('S0002', 'SC0059', 1),
('S0003', 'SC0059', 1),
('S0004', 'SC0059', 1),
('S0005', 'SC0059', 1),
('S0006', 'SC0059', 1),
('S0007', 'SC0059', 1),
('S0008', 'SC0059', 1),
('S0009', 'SC0059', 1),
('S0010', 'SC0059', 1),
('S0011', 'SC0059', 1),
('S0012', 'SC0059', 1),
('S0001', 'SC0060', 1),
('S0002', 'SC0060', 1),
('S0003', 'SC0060', 1),
('S0004', 'SC0060', 1),
('S0005', 'SC0060', 1),
('S0006', 'SC0060', 1),
('S0007', 'SC0060', 1),
('S0008', 'SC0060', 1),
('S0009', 'SC0060', 1),
('S0010', 'SC0060', 1),
('S0011', 'SC0060', 1),
('S0012', 'SC0060', 1),
('S0001', 'SC0061', 1),
('S0002', 'SC0061', 1),
('S0003', 'SC0061', 1),
('S0004', 'SC0061', 1),
('S0005', 'SC0061', 1),
('S0006', 'SC0061', 1),
('S0007', 'SC0061', 1),
('S0008', 'SC0061', 1),
('S0009', 'SC0061', 1),
('S0010', 'SC0061', 1),
('S0011', 'SC0061', 1),
('S0012', 'SC0061', 1),
('S0001', 'SC0062', 1),
('S0002', 'SC0062', 1),
('S0003', 'SC0062', 1),
('S0004', 'SC0062', 1),
('S0005', 'SC0062', 1),
('S0006', 'SC0062', 1),
('S0007', 'SC0062', 1),
('S0008', 'SC0062', 1),
('S0009', 'SC0062', 1),
('S0010', 'SC0062', 1),
('S0011', 'SC0062', 1),
('S0012', 'SC0062', 1),
('S0001', 'SC0063', 1),
('S0002', 'SC0063', 1),
('S0003', 'SC0063', 1),
('S0004', 'SC0063', 1),
('S0005', 'SC0063', 1),
('S0006', 'SC0063', 1),
('S0007', 'SC0063', 1),
('S0008', 'SC0063', 1),
('S0009', 'SC0063', 1),
('S0010', 'SC0063', 1),
('S0011', 'SC0063', 1),
('S0012', 'SC0063', 1),
('S0001', 'SC0064', 1),
('S0002', 'SC0064', 1),
('S0003', 'SC0064', 1),
('S0004', 'SC0064', 1),
('S0005', 'SC0064', 1),
('S0006', 'SC0064', 1),
('S0007', 'SC0064', 1),
('S0008', 'SC0064', 1),
('S0009', 'SC0064', 1),
('S0010', 'SC0064', 1),
('S0011', 'SC0064', 1),
('S0012', 'SC0064', 1),
('S0001', 'SC0065', 1),
('S0002', 'SC0065', 1),
('S0003', 'SC0065', 1),
('S0004', 'SC0065', 1),
('S0005', 'SC0065', 1),
('S0006', 'SC0065', 1),
('S0007', 'SC0065', 1),
('S0008', 'SC0065', 1),
('S0009', 'SC0065', 1),
('S0010', 'SC0065', 1),
('S0011', 'SC0065', 1),
('S0012', 'SC0065', 1),
('S0001', 'SC0066', 1),
('S0002', 'SC0066', 1),
('S0003', 'SC0066', 1),
('S0004', 'SC0066', 1),
('S0005', 'SC0066', 1),
('S0006', 'SC0066', 1),
('S0007', 'SC0066', 1),
('S0008', 'SC0066', 1),
('S0009', 'SC0066', 1),
('S0010', 'SC0066', 1),
('S0011', 'SC0066', 1),
('S0012', 'SC0066', 1),
('S0001', 'SC0067', 1),
('S0002', 'SC0067', 1),
('S0003', 'SC0067', 1),
('S0004', 'SC0067', 1),
('S0005', 'SC0067', 1),
('S0006', 'SC0067', 1),
('S0007', 'SC0067', 1),
('S0008', 'SC0067', 1),
('S0009', 'SC0067', 1),
('S0010', 'SC0067', 1),
('S0011', 'SC0067', 1),
('S0012', 'SC0067', 1),
('S0001', 'SC0068', 1),
('S0002', 'SC0068', 1),
('S0003', 'SC0068', 1),
('S0004', 'SC0068', 1),
('S0005', 'SC0068', 1),
('S0006', 'SC0068', 1),
('S0007', 'SC0068', 1),
('S0008', 'SC0068', 1),
('S0009', 'SC0068', 1),
('S0010', 'SC0068', 1),
('S0011', 'SC0068', 1),
('S0012', 'SC0068', 1),
('S0001', 'SC0069', 1),
('S0002', 'SC0069', 1),
('S0003', 'SC0069', 1),
('S0004', 'SC0069', 1),
('S0005', 'SC0069', 1),
('S0006', 'SC0069', 1),
('S0007', 'SC0069', 1),
('S0008', 'SC0069', 1),
('S0009', 'SC0069', 1),
('S0010', 'SC0069', 1),
('S0011', 'SC0069', 1),
('S0012', 'SC0069', 1),
('S0001', 'SC0070', 1),
('S0002', 'SC0070', 1),
('S0003', 'SC0070', 1),
('S0004', 'SC0070', 1),
('S0005', 'SC0070', 1),
('S0006', 'SC0070', 1),
('S0007', 'SC0070', 1),
('S0008', 'SC0070', 1),
('S0009', 'SC0070', 1),
('S0010', 'SC0070', 1),
('S0011', 'SC0070', 1),
('S0012', 'SC0070', 1),
('S0001', 'SC0071', 1),
('S0002', 'SC0071', 1),
('S0003', 'SC0071', 1),
('S0004', 'SC0071', 1),
('S0005', 'SC0071', 1),
('S0006', 'SC0071', 1),
('S0007', 'SC0071', 1),
('S0008', 'SC0071', 1),
('S0009', 'SC0071', 1),
('S0010', 'SC0071', 1),
('S0011', 'SC0071', 1),
('S0012', 'SC0071', 1),
('S0001', 'SC0072', 1),
('S0002', 'SC0072', 1),
('S0003', 'SC0072', 1),
('S0004', 'SC0072', 1),
('S0005', 'SC0072', 1),
('S0006', 'SC0072', 1),
('S0007', 'SC0072', 1),
('S0008', 'SC0072', 1),
('S0009', 'SC0072', 1),
('S0010', 'SC0072', 1),
('S0011', 'SC0072', 1),
('S0012', 'SC0072', 1),
('S0001', 'SC0073', 1),
('S0002', 'SC0073', 1),
('S0003', 'SC0073', 1),
('S0004', 'SC0073', 1),
('S0005', 'SC0073', 1),
('S0006', 'SC0073', 1),
('S0007', 'SC0073', 1),
('S0008', 'SC0073', 1),
('S0009', 'SC0073', 1),
('S0010', 'SC0073', 1),
('S0011', 'SC0073', 1),
('S0012', 'SC0073', 1),
('S0001', 'SC0074', 1),
('S0002', 'SC0074', 1),
('S0003', 'SC0074', 1),
('S0004', 'SC0074', 1),
('S0005', 'SC0074', 1),
('S0006', 'SC0074', 1),
('S0007', 'SC0074', 1),
('S0008', 'SC0074', 1),
('S0009', 'SC0074', 1),
('S0010', 'SC0074', 1),
('S0011', 'SC0074', 1),
('S0012', 'SC0074', 1),
('S0001', 'SC0075', 1),
('S0002', 'SC0075', 1),
('S0003', 'SC0075', 1),
('S0004', 'SC0075', 1),
('S0005', 'SC0075', 1),
('S0006', 'SC0075', 1),
('S0007', 'SC0075', 1),
('S0008', 'SC0075', 1),
('S0009', 'SC0075', 1),
('S0010', 'SC0075', 1),
('S0011', 'SC0075', 1),
('S0012', 'SC0075', 1),
('S0001', 'SC0076', 1),
('S0002', 'SC0076', 1),
('S0003', 'SC0076', 1),
('S0004', 'SC0076', 1),
('S0005', 'SC0076', 1),
('S0006', 'SC0076', 1),
('S0007', 'SC0076', 1),
('S0008', 'SC0076', 1),
('S0009', 'SC0076', 1),
('S0010', 'SC0076', 1),
('S0011', 'SC0076', 1),
('S0012', 'SC0076', 1),
('S0001', 'SC0077', 1),
('S0002', 'SC0077', 1),
('S0003', 'SC0077', 1),
('S0004', 'SC0077', 1),
('S0005', 'SC0077', 1),
('S0006', 'SC0077', 1),
('S0007', 'SC0077', 1),
('S0008', 'SC0077', 1),
('S0009', 'SC0077', 1),
('S0010', 'SC0077', 1),
('S0011', 'SC0077', 1),
('S0012', 'SC0077', 1),
('S0001', 'SC0078', 1),
('S0002', 'SC0078', 1),
('S0003', 'SC0078', 1),
('S0004', 'SC0078', 1),
('S0005', 'SC0078', 1),
('S0006', 'SC0078', 1),
('S0007', 'SC0078', 1),
('S0008', 'SC0078', 1),
('S0009', 'SC0078', 1),
('S0010', 'SC0078', 1),
('S0011', 'SC0078', 1),
('S0012', 'SC0078', 1),
('S0001', 'SC0079', 1),
('S0002', 'SC0079', 1),
('S0003', 'SC0079', 1),
('S0004', 'SC0079', 1),
('S0005', 'SC0079', 1),
('S0006', 'SC0079', 1),
('S0007', 'SC0079', 1),
('S0008', 'SC0079', 1),
('S0009', 'SC0079', 1),
('S0010', 'SC0079', 1),
('S0011', 'SC0079', 1),
('S0012', 'SC0079', 1),
('S0001', 'SC0080', 1),
('S0002', 'SC0080', 1),
('S0003', 'SC0080', 1),
('S0004', 'SC0080', 1),
('S0005', 'SC0080', 1),
('S0006', 'SC0080', 1),
('S0007', 'SC0080', 1),
('S0008', 'SC0080', 1),
('S0009', 'SC0080', 1),
('S0010', 'SC0080', 1),
('S0011', 'SC0080', 1),
('S0012', 'SC0080', 1),
('S0001', 'SC0081', 1),
('S0002', 'SC0081', 1),
('S0003', 'SC0081', 1),
('S0004', 'SC0081', 1),
('S0005', 'SC0081', 1),
('S0006', 'SC0081', 1),
('S0007', 'SC0081', 1),
('S0008', 'SC0081', 1),
('S0009', 'SC0081', 1),
('S0010', 'SC0081', 1),
('S0011', 'SC0081', 1),
('S0012', 'SC0081', 1),
('S0001', 'SC0082', 1),
('S0002', 'SC0082', 1),
('S0003', 'SC0082', 1),
('S0004', 'SC0082', 1),
('S0005', 'SC0082', 1),
('S0006', 'SC0082', 1),
('S0007', 'SC0082', 1),
('S0008', 'SC0082', 1),
('S0009', 'SC0082', 1),
('S0010', 'SC0082', 1),
('S0011', 'SC0082', 1),
('S0012', 'SC0082', 1),
('S0001', 'SC0083', 1),
('S0002', 'SC0083', 1),
('S0003', 'SC0083', 1),
('S0004', 'SC0083', 1),
('S0005', 'SC0083', 1),
('S0006', 'SC0083', 1),
('S0007', 'SC0083', 1),
('S0008', 'SC0083', 1),
('S0009', 'SC0083', 1),
('S0010', 'SC0083', 1),
('S0011', 'SC0083', 1),
('S0012', 'SC0083', 1),
('S0001', 'SC0084', 1),
('S0002', 'SC0084', 1),
('S0003', 'SC0084', 1),
('S0004', 'SC0084', 1),
('S0005', 'SC0084', 1),
('S0006', 'SC0084', 1),
('S0007', 'SC0084', 1),
('S0008', 'SC0084', 1),
('S0009', 'SC0084', 1),
('S0010', 'SC0084', 1),
('S0011', 'SC0084', 1),
('S0012', 'SC0084', 1),
('S0001', 'SC0085', 1),
('S0002', 'SC0085', 1),
('S0003', 'SC0085', 1),
('S0004', 'SC0085', 1),
('S0005', 'SC0085', 1),
('S0006', 'SC0085', 1),
('S0007', 'SC0085', 1),
('S0008', 'SC0085', 1),
('S0009', 'SC0085', 1),
('S0010', 'SC0085', 1),
('S0011', 'SC0085', 1),
('S0012', 'SC0085', 1),
('S0001', 'SC0086', 1),
('S0002', 'SC0086', 1),
('S0003', 'SC0086', 1),
('S0004', 'SC0086', 1),
('S0005', 'SC0086', 1),
('S0006', 'SC0086', 1),
('S0007', 'SC0086', 1),
('S0008', 'SC0086', 1),
('S0009', 'SC0086', 1),
('S0010', 'SC0086', 1),
('S0011', 'SC0086', 1),
('S0012', 'SC0086', 1),
('S0001', 'SC0087', 1),
('S0002', 'SC0087', 1),
('S0003', 'SC0087', 1),
('S0004', 'SC0087', 1),
('S0005', 'SC0087', 1),
('S0006', 'SC0087', 1),
('S0007', 'SC0087', 1),
('S0008', 'SC0087', 1),
('S0009', 'SC0087', 1),
('S0010', 'SC0087', 1),
('S0011', 'SC0087', 1),
('S0012', 'SC0087', 1),
('S0001', 'SC0088', 1),
('S0002', 'SC0088', 1),
('S0003', 'SC0088', 1),
('S0004', 'SC0088', 1),
('S0005', 'SC0088', 1),
('S0006', 'SC0088', 1),
('S0007', 'SC0088', 1),
('S0008', 'SC0088', 1),
('S0009', 'SC0088', 1),
('S0010', 'SC0088', 1),
('S0011', 'SC0088', 1),
('S0012', 'SC0088', 1),
('S0001', 'SC0089', 1),
('S0002', 'SC0089', 1),
('S0003', 'SC0089', 1),
('S0004', 'SC0089', 1),
('S0005', 'SC0089', 1),
('S0006', 'SC0089', 1),
('S0007', 'SC0089', 1),
('S0008', 'SC0089', 1),
('S0009', 'SC0089', 1),
('S0010', 'SC0089', 1),
('S0011', 'SC0089', 1),
('S0012', 'SC0089', 1),
('S0001', 'SC0090', 1),
('S0002', 'SC0090', 1),
('S0003', 'SC0090', 1),
('S0004', 'SC0090', 1),
('S0005', 'SC0090', 1),
('S0006', 'SC0090', 1),
('S0007', 'SC0090', 1),
('S0008', 'SC0090', 1),
('S0009', 'SC0090', 1),
('S0010', 'SC0090', 1),
('S0011', 'SC0090', 1),
('S0012', 'SC0090', 1),
('S0001', 'SC0091', 1),
('S0002', 'SC0091', 1),
('S0003', 'SC0091', 1),
('S0004', 'SC0091', 1),
('S0005', 'SC0091', 1),
('S0006', 'SC0091', 1),
('S0007', 'SC0091', 1),
('S0008', 'SC0091', 1),
('S0009', 'SC0091', 1),
('S0010', 'SC0091', 1),
('S0011', 'SC0091', 1),
('S0012', 'SC0091', 1),
('S0001', 'SC0092', 1),
('S0002', 'SC0092', 1),
('S0003', 'SC0092', 1),
('S0004', 'SC0092', 1),
('S0005', 'SC0092', 1),
('S0006', 'SC0092', 1),
('S0007', 'SC0092', 1),
('S0008', 'SC0092', 1),
('S0009', 'SC0092', 1),
('S0010', 'SC0092', 1),
('S0011', 'SC0092', 1),
('S0012', 'SC0092', 1),
('S0001', 'SC0093', 1),
('S0002', 'SC0093', 1),
('S0003', 'SC0093', 1),
('S0004', 'SC0093', 1),
('S0005', 'SC0093', 1),
('S0006', 'SC0093', 1),
('S0007', 'SC0093', 1),
('S0008', 'SC0093', 1),
('S0009', 'SC0093', 1),
('S0010', 'SC0093', 1),
('S0011', 'SC0093', 1),
('S0012', 'SC0093', 1),
('S0001', 'SC0094', 1),
('S0002', 'SC0094', 1),
('S0003', 'SC0094', 1),
('S0004', 'SC0094', 1),
('S0005', 'SC0094', 1),
('S0006', 'SC0094', 1),
('S0007', 'SC0094', 1),
('S0008', 'SC0094', 1),
('S0009', 'SC0094', 1),
('S0010', 'SC0094', 1),
('S0011', 'SC0094', 1),
('S0012', 'SC0094', 1),
('S0001', 'SC0095', 1),
('S0002', 'SC0095', 1),
('S0003', 'SC0095', 1),
('S0004', 'SC0095', 1),
('S0005', 'SC0095', 1),
('S0006', 'SC0095', 1),
('S0007', 'SC0095', 1),
('S0008', 'SC0095', 1),
('S0009', 'SC0095', 1),
('S0010', 'SC0095', 1),
('S0011', 'SC0095', 1),
('S0012', 'SC0095', 1),
('S0001', 'SC0096', 1),
('S0002', 'SC0096', 1),
('S0003', 'SC0096', 1),
('S0004', 'SC0096', 1),
('S0005', 'SC0096', 1),
('S0006', 'SC0096', 1),
('S0007', 'SC0096', 1),
('S0008', 'SC0096', 1),
('S0009', 'SC0096', 1),
('S0010', 'SC0096', 1),
('S0011', 'SC0096', 1),
('S0012', 'SC0096', 1),
('S0001', 'SC0097', 1),
('S0002', 'SC0097', 1),
('S0003', 'SC0097', 1),
('S0004', 'SC0097', 1),
('S0005', 'SC0097', 1),
('S0006', 'SC0097', 1),
('S0007', 'SC0097', 1),
('S0008', 'SC0097', 1),
('S0009', 'SC0097', 1),
('S0010', 'SC0097', 1),
('S0011', 'SC0097', 1),
('S0012', 'SC0097', 1),
('S0001', 'SC0098', 1),
('S0002', 'SC0098', 1),
('S0003', 'SC0098', 1),
('S0004', 'SC0098', 1),
('S0005', 'SC0098', 1),
('S0006', 'SC0098', 1),
('S0007', 'SC0098', 1),
('S0008', 'SC0098', 1),
('S0009', 'SC0098', 1),
('S0010', 'SC0098', 1),
('S0011', 'SC0098', 1),
('S0012', 'SC0098', 1),
('S0001', 'SC0099', 1),
('S0002', 'SC0099', 1),
('S0003', 'SC0099', 1),
('S0004', 'SC0099', 1),
('S0005', 'SC0099', 1),
('S0006', 'SC0099', 1),
('S0007', 'SC0099', 1),
('S0008', 'SC0099', 1),
('S0009', 'SC0099', 1),
('S0010', 'SC0099', 1),
('S0011', 'SC0099', 1),
('S0012', 'SC0099', 1),
('S0001', 'SC0100', 1),
('S0002', 'SC0100', 1),
('S0003', 'SC0100', 1),
('S0004', 'SC0100', 1),
('S0005', 'SC0100', 1),
('S0006', 'SC0100', 1),
('S0007', 'SC0100', 1),
('S0008', 'SC0100', 1),
('S0009', 'SC0100', 1),
('S0010', 'SC0100', 1),
('S0011', 'SC0100', 1),
('S0012', 'SC0100', 1),
('S0001', 'SC0101', 1),
('S0002', 'SC0101', 1),
('S0003', 'SC0101', 1),
('S0004', 'SC0101', 1),
('S0005', 'SC0101', 1),
('S0006', 'SC0101', 1),
('S0007', 'SC0101', 1),
('S0008', 'SC0101', 1),
('S0009', 'SC0101', 1),
('S0010', 'SC0101', 1),
('S0011', 'SC0101', 1),
('S0012', 'SC0101', 1),
('S0001', 'SC0102', 1),
('S0002', 'SC0102', 1),
('S0003', 'SC0102', 1),
('S0004', 'SC0102', 1),
('S0005', 'SC0102', 1),
('S0006', 'SC0102', 1),
('S0007', 'SC0102', 1),
('S0008', 'SC0102', 1),
('S0009', 'SC0102', 1),
('S0010', 'SC0102', 1),
('S0011', 'SC0102', 1),
('S0012', 'SC0102', 1),
('S0001', 'SC0103', 1),
('S0002', 'SC0103', 1),
('S0003', 'SC0103', 1),
('S0004', 'SC0103', 1),
('S0005', 'SC0103', 1),
('S0006', 'SC0103', 1),
('S0007', 'SC0103', 1),
('S0008', 'SC0103', 1),
('S0009', 'SC0103', 1),
('S0010', 'SC0103', 1),
('S0011', 'SC0103', 1),
('S0012', 'SC0103', 1),
('S0001', 'SC0104', 1),
('S0002', 'SC0104', 1),
('S0003', 'SC0104', 1),
('S0004', 'SC0104', 1),
('S0005', 'SC0104', 1),
('S0006', 'SC0104', 1),
('S0007', 'SC0104', 1),
('S0008', 'SC0104', 1),
('S0009', 'SC0104', 1),
('S0010', 'SC0104', 1),
('S0011', 'SC0104', 1),
('S0012', 'SC0104', 1),
('S0001', 'SC0105', 1),
('S0002', 'SC0105', 1),
('S0003', 'SC0105', 1),
('S0004', 'SC0105', 1),
('S0005', 'SC0105', 1),
('S0006', 'SC0105', 1),
('S0007', 'SC0105', 1),
('S0008', 'SC0105', 1),
('S0009', 'SC0105', 1),
('S0010', 'SC0105', 1),
('S0011', 'SC0105', 1),
('S0012', 'SC0105', 1),
('S0001', 'SC0106', 1),
('S0002', 'SC0106', 1),
('S0003', 'SC0106', 1),
('S0004', 'SC0106', 1),
('S0005', 'SC0106', 1),
('S0006', 'SC0106', 1),
('S0007', 'SC0106', 1),
('S0008', 'SC0106', 1),
('S0009', 'SC0106', 1),
('S0010', 'SC0106', 1),
('S0011', 'SC0106', 1),
('S0012', 'SC0106', 1),
('S0001', 'SC0107', 1),
('S0002', 'SC0107', 1),
('S0003', 'SC0107', 1),
('S0004', 'SC0107', 1),
('S0005', 'SC0107', 1),
('S0006', 'SC0107', 1),
('S0007', 'SC0107', 1),
('S0008', 'SC0107', 1),
('S0009', 'SC0107', 1),
('S0010', 'SC0107', 1),
('S0011', 'SC0107', 1),
('S0012', 'SC0107', 1),
('S0001', 'SC0108', 1),
('S0002', 'SC0108', 1),
('S0003', 'SC0108', 1),
('S0004', 'SC0108', 1),
('S0005', 'SC0108', 1),
('S0006', 'SC0108', 1),
('S0007', 'SC0108', 1),
('S0008', 'SC0108', 1),
('S0009', 'SC0108', 1),
('S0010', 'SC0108', 1),
('S0011', 'SC0108', 1),
('S0012', 'SC0108', 1),
('S0001', 'SC0109', 1),
('S0002', 'SC0109', 1),
('S0003', 'SC0109', 1),
('S0004', 'SC0109', 1),
('S0005', 'SC0109', 1),
('S0006', 'SC0109', 1),
('S0007', 'SC0109', 1),
('S0008', 'SC0109', 1),
('S0009', 'SC0109', 1),
('S0010', 'SC0109', 1),
('S0011', 'SC0109', 1),
('S0012', 'SC0109', 1),
('S0001', 'SC0110', 1),
('S0002', 'SC0110', 1),
('S0003', 'SC0110', 1),
('S0004', 'SC0110', 1),
('S0005', 'SC0110', 1),
('S0006', 'SC0110', 1),
('S0007', 'SC0110', 1),
('S0008', 'SC0110', 1),
('S0009', 'SC0110', 1),
('S0010', 'SC0110', 1),
('S0011', 'SC0110', 1),
('S0012', 'SC0110', 1),
('S0001', 'SC0111', 1),
('S0002', 'SC0111', 1),
('S0003', 'SC0111', 1),
('S0004', 'SC0111', 1),
('S0005', 'SC0111', 1),
('S0006', 'SC0111', 1),
('S0007', 'SC0111', 1),
('S0008', 'SC0111', 1),
('S0009', 'SC0111', 1),
('S0010', 'SC0111', 1),
('S0011', 'SC0111', 1),
('S0012', 'SC0111', 1),
('S0001', 'SC0112', 1),
('S0002', 'SC0112', 1),
('S0003', 'SC0112', 1),
('S0004', 'SC0112', 1),
('S0005', 'SC0112', 1),
('S0006', 'SC0112', 1),
('S0007', 'SC0112', 1),
('S0008', 'SC0112', 1),
('S0009', 'SC0112', 1),
('S0010', 'SC0112', 1),
('S0011', 'SC0112', 1),
('S0012', 'SC0112', 1),
('S0001', 'SC0113', 1),
('S0002', 'SC0113', 1),
('S0003', 'SC0113', 1),
('S0004', 'SC0113', 1),
('S0005', 'SC0113', 1),
('S0006', 'SC0113', 1),
('S0007', 'SC0113', 1),
('S0008', 'SC0113', 1),
('S0009', 'SC0113', 1),
('S0010', 'SC0113', 1),
('S0011', 'SC0113', 1),
('S0012', 'SC0113', 1),
('S0001', 'SC0114', 1),
('S0002', 'SC0114', 1),
('S0003', 'SC0114', 1),
('S0004', 'SC0114', 1),
('S0005', 'SC0114', 1),
('S0006', 'SC0114', 1),
('S0007', 'SC0114', 1),
('S0008', 'SC0114', 1),
('S0009', 'SC0114', 1),
('S0010', 'SC0114', 1),
('S0011', 'SC0114', 1),
('S0012', 'SC0114', 1),
('S0001', 'SC0115', 1),
('S0002', 'SC0115', 1),
('S0003', 'SC0115', 1),
('S0004', 'SC0115', 1),
('S0005', 'SC0115', 1),
('S0006', 'SC0115', 1),
('S0007', 'SC0115', 1),
('S0008', 'SC0115', 1),
('S0009', 'SC0115', 1),
('S0010', 'SC0115', 1),
('S0011', 'SC0115', 1),
('S0012', 'SC0115', 1),
('S0001', 'SC0116', 1),
('S0002', 'SC0116', 1),
('S0003', 'SC0116', 1),
('S0004', 'SC0116', 1),
('S0005', 'SC0116', 1),
('S0006', 'SC0116', 1),
('S0007', 'SC0116', 1),
('S0008', 'SC0116', 1),
('S0009', 'SC0116', 1),
('S0010', 'SC0116', 1),
('S0011', 'SC0116', 1),
('S0012', 'SC0116', 1),
('S0001', 'SC0117', 1),
('S0002', 'SC0117', 1),
('S0003', 'SC0117', 1),
('S0004', 'SC0117', 1),
('S0005', 'SC0117', 1),
('S0006', 'SC0117', 1),
('S0007', 'SC0117', 1),
('S0008', 'SC0117', 1),
('S0009', 'SC0117', 1),
('S0010', 'SC0117', 1),
('S0011', 'SC0117', 1),
('S0012', 'SC0117', 1),
('S0001', 'SC0118', 1),
('S0002', 'SC0118', 1),
('S0003', 'SC0118', 1),
('S0004', 'SC0118', 1),
('S0005', 'SC0118', 1),
('S0006', 'SC0118', 1),
('S0007', 'SC0118', 1),
('S0008', 'SC0118', 1),
('S0009', 'SC0118', 1),
('S0010', 'SC0118', 1),
('S0011', 'SC0118', 1),
('S0012', 'SC0118', 1),
('S0001', 'SC0119', 1),
('S0002', 'SC0119', 1),
('S0003', 'SC0119', 1),
('S0004', 'SC0119', 1),
('S0005', 'SC0119', 1),
('S0006', 'SC0119', 1),
('S0007', 'SC0119', 1),
('S0008', 'SC0119', 1),
('S0009', 'SC0119', 1),
('S0010', 'SC0119', 1),
('S0011', 'SC0119', 1),
('S0012', 'SC0119', 1),
('S0001', 'SC0120', 1),
('S0002', 'SC0120', 1),
('S0003', 'SC0120', 1),
('S0004', 'SC0120', 1),
('S0005', 'SC0120', 1),
('S0006', 'SC0120', 1),
('S0007', 'SC0120', 1),
('S0008', 'SC0120', 1),
('S0009', 'SC0120', 1),
('S0010', 'SC0120', 1),
('S0011', 'SC0120', 1),
('S0012', 'SC0120', 1),
('S0001', 'SC0121', 1),
('S0002', 'SC0121', 1),
('S0003', 'SC0121', 1),
('S0004', 'SC0121', 1),
('S0005', 'SC0121', 1),
('S0006', 'SC0121', 1),
('S0007', 'SC0121', 1),
('S0008', 'SC0121', 1),
('S0009', 'SC0121', 1),
('S0010', 'SC0121', 1),
('S0011', 'SC0121', 1),
('S0012', 'SC0121', 1),
('S0001', 'SC0122', 1),
('S0002', 'SC0122', 1),
('S0003', 'SC0122', 1),
('S0004', 'SC0122', 1),
('S0005', 'SC0122', 1),
('S0006', 'SC0122', 1),
('S0007', 'SC0122', 1),
('S0008', 'SC0122', 1),
('S0009', 'SC0122', 1),
('S0010', 'SC0122', 1),
('S0011', 'SC0122', 1),
('S0012', 'SC0122', 1),
('S0001', 'SC0123', 1),
('S0002', 'SC0123', 1),
('S0003', 'SC0123', 1),
('S0004', 'SC0123', 1),
('S0005', 'SC0123', 1),
('S0006', 'SC0123', 1),
('S0007', 'SC0123', 1),
('S0008', 'SC0123', 1),
('S0009', 'SC0123', 1),
('S0010', 'SC0123', 1),
('S0011', 'SC0123', 1),
('S0012', 'SC0123', 1),
('S0001', 'SC0124', 1),
('S0002', 'SC0124', 1),
('S0003', 'SC0124', 1),
('S0004', 'SC0124', 1),
('S0005', 'SC0124', 1),
('S0006', 'SC0124', 1),
('S0007', 'SC0124', 1),
('S0008', 'SC0124', 1),
('S0009', 'SC0124', 1),
('S0010', 'SC0124', 1),
('S0011', 'SC0124', 1),
('S0012', 'SC0124', 1),
('S0001', 'SC0125', 1),
('S0002', 'SC0125', 1),
('S0003', 'SC0125', 1),
('S0004', 'SC0125', 1),
('S0005', 'SC0125', 1),
('S0006', 'SC0125', 1),
('S0007', 'SC0125', 1),
('S0008', 'SC0125', 1),
('S0009', 'SC0125', 1),
('S0010', 'SC0125', 1),
('S0011', 'SC0125', 1),
('S0012', 'SC0125', 1),
('S0001', 'SC0126', 1),
('S0002', 'SC0126', 1),
('S0003', 'SC0126', 1),
('S0004', 'SC0126', 1),
('S0005', 'SC0126', 1),
('S0006', 'SC0126', 1),
('S0007', 'SC0126', 1),
('S0008', 'SC0126', 1),
('S0009', 'SC0126', 1),
('S0010', 'SC0126', 1),
('S0011', 'SC0126', 1),
('S0012', 'SC0126', 1),
('S0001', 'SC0127', 1),
('S0002', 'SC0127', 1),
('S0003', 'SC0127', 1),
('S0004', 'SC0127', 1),
('S0005', 'SC0127', 1),
('S0006', 'SC0127', 1),
('S0007', 'SC0127', 1),
('S0008', 'SC0127', 1),
('S0009', 'SC0127', 1),
('S0010', 'SC0127', 1),
('S0011', 'SC0127', 1),
('S0012', 'SC0127', 1),
('S0001', 'SC0128', 1),
('S0002', 'SC0128', 1),
('S0003', 'SC0128', 1),
('S0004', 'SC0128', 1),
('S0005', 'SC0128', 1),
('S0006', 'SC0128', 1),
('S0007', 'SC0128', 1),
('S0008', 'SC0128', 1),
('S0009', 'SC0128', 1),
('S0010', 'SC0128', 1),
('S0011', 'SC0128', 1),
('S0012', 'SC0128', 1),
('S0001', 'SC0129', 1),
('S0002', 'SC0129', 1),
('S0003', 'SC0129', 1),
('S0004', 'SC0129', 1),
('S0005', 'SC0129', 1),
('S0006', 'SC0129', 1),
('S0007', 'SC0129', 1),
('S0008', 'SC0129', 1),
('S0009', 'SC0129', 1),
('S0010', 'SC0129', 1),
('S0011', 'SC0129', 1),
('S0012', 'SC0129', 1),
('S0001', 'SC0130', 1),
('S0002', 'SC0130', 1),
('S0003', 'SC0130', 1),
('S0004', 'SC0130', 1),
('S0005', 'SC0130', 1),
('S0006', 'SC0130', 1),
('S0007', 'SC0130', 1),
('S0008', 'SC0130', 1),
('S0009', 'SC0130', 1),
('S0010', 'SC0130', 1),
('S0011', 'SC0130', 1),
('S0012', 'SC0130', 1),
('S0001', 'SC0131', 1),
('S0002', 'SC0131', 1),
('S0003', 'SC0131', 1),
('S0004', 'SC0131', 1),
('S0005', 'SC0131', 1),
('S0006', 'SC0131', 1),
('S0007', 'SC0131', 1),
('S0008', 'SC0131', 1),
('S0009', 'SC0131', 1),
('S0010', 'SC0131', 1),
('S0011', 'SC0131', 1),
('S0012', 'SC0131', 1),
('S0001', 'SC0132', 1),
('S0002', 'SC0132', 1),
('S0003', 'SC0132', 1),
('S0004', 'SC0132', 1),
('S0005', 'SC0132', 1),
('S0006', 'SC0132', 1),
('S0007', 'SC0132', 1),
('S0008', 'SC0132', 1),
('S0009', 'SC0132', 1),
('S0010', 'SC0132', 1),
('S0011', 'SC0132', 1),
('S0012', 'SC0132', 1),
('S0001', 'SC0133', 1),
('S0002', 'SC0133', 1),
('S0003', 'SC0133', 1),
('S0004', 'SC0133', 1),
('S0005', 'SC0133', 1),
('S0006', 'SC0133', 1),
('S0007', 'SC0133', 1),
('S0008', 'SC0133', 1),
('S0009', 'SC0133', 1),
('S0010', 'SC0133', 1),
('S0011', 'SC0133', 1),
('S0012', 'SC0133', 1),
('S0001', 'SC0134', 1),
('S0002', 'SC0134', 1),
('S0003', 'SC0134', 1),
('S0004', 'SC0134', 1),
('S0005', 'SC0134', 1),
('S0006', 'SC0134', 1),
('S0007', 'SC0134', 1),
('S0008', 'SC0134', 1),
('S0009', 'SC0134', 1),
('S0010', 'SC0134', 1),
('S0011', 'SC0134', 1),
('S0012', 'SC0134', 1),
('S0001', 'SC0135', 1),
('S0002', 'SC0135', 1),
('S0003', 'SC0135', 1),
('S0004', 'SC0135', 1),
('S0005', 'SC0135', 1),
('S0006', 'SC0135', 1),
('S0007', 'SC0135', 1),
('S0008', 'SC0135', 1),
('S0009', 'SC0135', 1),
('S0010', 'SC0135', 1),
('S0011', 'SC0135', 1),
('S0012', 'SC0135', 1),
('S0001', 'SC0136', 1),
('S0002', 'SC0136', 1),
('S0003', 'SC0136', 1),
('S0004', 'SC0136', 1),
('S0005', 'SC0136', 1),
('S0006', 'SC0136', 1),
('S0007', 'SC0136', 1),
('S0008', 'SC0136', 1),
('S0009', 'SC0136', 1),
('S0010', 'SC0136', 1),
('S0011', 'SC0136', 1),
('S0012', 'SC0136', 1),
('S0001', 'SC0137', 1),
('S0002', 'SC0137', 1),
('S0003', 'SC0137', 1),
('S0004', 'SC0137', 1),
('S0005', 'SC0137', 1),
('S0006', 'SC0137', 1),
('S0007', 'SC0137', 1),
('S0008', 'SC0137', 1),
('S0009', 'SC0137', 1),
('S0010', 'SC0137', 1),
('S0011', 'SC0137', 1),
('S0012', 'SC0137', 1),
('S0001', 'SC0138', 1),
('S0002', 'SC0138', 1),
('S0003', 'SC0138', 1),
('S0004', 'SC0138', 1),
('S0005', 'SC0138', 1),
('S0006', 'SC0138', 1),
('S0007', 'SC0138', 1),
('S0008', 'SC0138', 1),
('S0009', 'SC0138', 1),
('S0010', 'SC0138', 1),
('S0011', 'SC0138', 1),
('S0012', 'SC0138', 1),
('S0001', 'SC0139', 1),
('S0002', 'SC0139', 1),
('S0003', 'SC0139', 1),
('S0004', 'SC0139', 1),
('S0005', 'SC0139', 1),
('S0006', 'SC0139', 1),
('S0007', 'SC0139', 1),
('S0008', 'SC0139', 1),
('S0009', 'SC0139', 1),
('S0010', 'SC0139', 1),
('S0011', 'SC0139', 1),
('S0012', 'SC0139', 1),
('S0001', 'SC0140', 1),
('S0002', 'SC0140', 1),
('S0003', 'SC0140', 1),
('S0004', 'SC0140', 1),
('S0005', 'SC0140', 1),
('S0006', 'SC0140', 1),
('S0007', 'SC0140', 1),
('S0008', 'SC0140', 1),
('S0009', 'SC0140', 1),
('S0010', 'SC0140', 1),
('S0011', 'SC0140', 1),
('S0012', 'SC0140', 1),
('S0001', 'SC0141', 1),
('S0002', 'SC0141', 1),
('S0003', 'SC0141', 1),
('S0004', 'SC0141', 1),
('S0005', 'SC0141', 1),
('S0006', 'SC0141', 1),
('S0007', 'SC0141', 1),
('S0008', 'SC0141', 1),
('S0009', 'SC0141', 1),
('S0010', 'SC0141', 1),
('S0011', 'SC0141', 1),
('S0012', 'SC0141', 1),
('S0001', 'SC0142', 1),
('S0002', 'SC0142', 1),
('S0003', 'SC0142', 1),
('S0004', 'SC0142', 1),
('S0005', 'SC0142', 1),
('S0006', 'SC0142', 1),
('S0007', 'SC0142', 1),
('S0008', 'SC0142', 1),
('S0009', 'SC0142', 1),
('S0010', 'SC0142', 1),
('S0011', 'SC0142', 1),
('S0012', 'SC0142', 1),
('S0001', 'SC0143', 1),
('S0002', 'SC0143', 1),
('S0003', 'SC0143', 1),
('S0004', 'SC0143', 1),
('S0005', 'SC0143', 1),
('S0006', 'SC0143', 1),
('S0007', 'SC0143', 1),
('S0008', 'SC0143', 1),
('S0009', 'SC0143', 1),
('S0010', 'SC0143', 1),
('S0011', 'SC0143', 1),
('S0012', 'SC0143', 1),
('S0001', 'SC0144', 1),
('S0002', 'SC0144', 1),
('S0003', 'SC0144', 1),
('S0004', 'SC0144', 1),
('S0005', 'SC0144', 1),
('S0006', 'SC0144', 1),
('S0007', 'SC0144', 1),
('S0008', 'SC0144', 1),
('S0009', 'SC0144', 1),
('S0010', 'SC0144', 1),
('S0011', 'SC0144', 1),
('S0012', 'SC0144', 1),
('S0001', 'SC0145', 1),
('S0002', 'SC0145', 1),
('S0003', 'SC0145', 1),
('S0004', 'SC0145', 1),
('S0005', 'SC0145', 1),
('S0006', 'SC0145', 1),
('S0007', 'SC0145', 1),
('S0008', 'SC0145', 1),
('S0009', 'SC0145', 1),
('S0010', 'SC0145', 1),
('S0011', 'SC0145', 1),
('S0012', 'SC0145', 1),
('S0001', 'SC0146', 1),
('S0002', 'SC0146', 1),
('S0003', 'SC0146', 1),
('S0004', 'SC0146', 1),
('S0005', 'SC0146', 1),
('S0006', 'SC0146', 1),
('S0007', 'SC0146', 1),
('S0008', 'SC0146', 1),
('S0009', 'SC0146', 1),
('S0010', 'SC0146', 1),
('S0011', 'SC0146', 1),
('S0012', 'SC0146', 1),
('S0001', 'SC0147', 1),
('S0002', 'SC0147', 1),
('S0003', 'SC0147', 1),
('S0004', 'SC0147', 1),
('S0005', 'SC0147', 1),
('S0006', 'SC0147', 1),
('S0007', 'SC0147', 1),
('S0008', 'SC0147', 1),
('S0009', 'SC0147', 1),
('S0010', 'SC0147', 1),
('S0011', 'SC0147', 1),
('S0012', 'SC0147', 1),
('S0001', 'SC0148', 1),
('S0002', 'SC0148', 1),
('S0003', 'SC0148', 1),
('S0004', 'SC0148', 1),
('S0005', 'SC0148', 1),
('S0006', 'SC0148', 1),
('S0007', 'SC0148', 1),
('S0008', 'SC0148', 1),
('S0009', 'SC0148', 1),
('S0010', 'SC0148', 1),
('S0011', 'SC0148', 1),
('S0012', 'SC0148', 1),
('S0001', 'SC0149', 1),
('S0002', 'SC0149', 1),
('S0003', 'SC0149', 1),
('S0004', 'SC0149', 1),
('S0005', 'SC0149', 1),
('S0006', 'SC0149', 1),
('S0007', 'SC0149', 1),
('S0008', 'SC0149', 1),
('S0009', 'SC0149', 1),
('S0010', 'SC0149', 1),
('S0011', 'SC0149', 1),
('S0012', 'SC0149', 1),
('S0001', 'SC0150', 1),
('S0002', 'SC0150', 1),
('S0003', 'SC0150', 1),
('S0004', 'SC0150', 1),
('S0005', 'SC0150', 1),
('S0006', 'SC0150', 1),
('S0007', 'SC0150', 1),
('S0008', 'SC0150', 1),
('S0009', 'SC0150', 1),
('S0010', 'SC0150', 1),
('S0011', 'SC0150', 1),
('S0012', 'SC0150', 1),
('S0001', 'SC0151', 1),
('S0002', 'SC0151', 1),
('S0003', 'SC0151', 1),
('S0004', 'SC0151', 1),
('S0005', 'SC0151', 1),
('S0006', 'SC0151', 1),
('S0007', 'SC0151', 1),
('S0008', 'SC0151', 1),
('S0009', 'SC0151', 1),
('S0010', 'SC0151', 1),
('S0011', 'SC0151', 1),
('S0012', 'SC0151', 1),
('S0001', 'SC0152', 1),
('S0002', 'SC0152', 1),
('S0003', 'SC0152', 1),
('S0004', 'SC0152', 1),
('S0005', 'SC0152', 1),
('S0006', 'SC0152', 1),
('S0007', 'SC0152', 1),
('S0008', 'SC0152', 1),
('S0009', 'SC0152', 1),
('S0010', 'SC0152', 1),
('S0011', 'SC0152', 1),
('S0012', 'SC0152', 1),
('S0001', 'SC0153', 1),
('S0002', 'SC0153', 1),
('S0003', 'SC0153', 1),
('S0004', 'SC0153', 1),
('S0005', 'SC0153', 1),
('S0006', 'SC0153', 1),
('S0007', 'SC0153', 1),
('S0008', 'SC0153', 1),
('S0009', 'SC0153', 1),
('S0010', 'SC0153', 1),
('S0011', 'SC0153', 1),
('S0012', 'SC0153', 1),
('S0001', 'SC0154', 1),
('S0002', 'SC0154', 1),
('S0003', 'SC0154', 1),
('S0004', 'SC0154', 1),
('S0005', 'SC0154', 1),
('S0006', 'SC0154', 1),
('S0007', 'SC0154', 1),
('S0008', 'SC0154', 1),
('S0009', 'SC0154', 1),
('S0010', 'SC0154', 1),
('S0011', 'SC0154', 1),
('S0012', 'SC0154', 1),
('S0001', 'SC0155', 1),
('S0002', 'SC0155', 1),
('S0003', 'SC0155', 1),
('S0004', 'SC0155', 1),
('S0005', 'SC0155', 1),
('S0006', 'SC0155', 1),
('S0007', 'SC0155', 1),
('S0008', 'SC0155', 1),
('S0009', 'SC0155', 1),
('S0010', 'SC0155', 1),
('S0011', 'SC0155', 1),
('S0012', 'SC0155', 1),
('S0001', 'SC0156', 1),
('S0002', 'SC0156', 1),
('S0003', 'SC0156', 1),
('S0004', 'SC0156', 1),
('S0005', 'SC0156', 1),
('S0006', 'SC0156', 1),
('S0007', 'SC0156', 1),
('S0008', 'SC0156', 1),
('S0009', 'SC0156', 1),
('S0010', 'SC0156', 1),
('S0011', 'SC0156', 1),
('S0012', 'SC0156', 1),
('S0001', 'SC0157', 1),
('S0002', 'SC0157', 1),
('S0003', 'SC0157', 1),
('S0004', 'SC0157', 1),
('S0005', 'SC0157', 1),
('S0006', 'SC0157', 1),
('S0007', 'SC0157', 1),
('S0008', 'SC0157', 1),
('S0009', 'SC0157', 1),
('S0010', 'SC0157', 1),
('S0011', 'SC0157', 1),
('S0012', 'SC0157', 1),
('S0001', 'SC0158', 1),
('S0002', 'SC0158', 1),
('S0003', 'SC0158', 1),
('S0004', 'SC0158', 1),
('S0005', 'SC0158', 1),
('S0006', 'SC0158', 1),
('S0007', 'SC0158', 1),
('S0008', 'SC0158', 1),
('S0009', 'SC0158', 1),
('S0010', 'SC0158', 1),
('S0011', 'SC0158', 1),
('S0012', 'SC0158', 1),
('S0001', 'SC0159', 1),
('S0002', 'SC0159', 1),
('S0003', 'SC0159', 1),
('S0004', 'SC0159', 1),
('S0005', 'SC0159', 1),
('S0006', 'SC0159', 1),
('S0007', 'SC0159', 1),
('S0008', 'SC0159', 1),
('S0009', 'SC0159', 1),
('S0010', 'SC0159', 1),
('S0011', 'SC0159', 1),
('S0012', 'SC0159', 1),
('S0001', 'SC0160', 1),
('S0002', 'SC0160', 1),
('S0003', 'SC0160', 1),
('S0004', 'SC0160', 1),
('S0005', 'SC0160', 1),
('S0006', 'SC0160', 1),
('S0007', 'SC0160', 1),
('S0008', 'SC0160', 1),
('S0009', 'SC0160', 1),
('S0010', 'SC0160', 1),
('S0011', 'SC0160', 1),
('S0012', 'SC0160', 1),
('S0001', 'SC0161', 1),
('S0002', 'SC0161', 1),
('S0003', 'SC0161', 1),
('S0004', 'SC0161', 1),
('S0005', 'SC0161', 1),
('S0006', 'SC0161', 1),
('S0007', 'SC0161', 1),
('S0008', 'SC0161', 1),
('S0009', 'SC0161', 1),
('S0010', 'SC0161', 1),
('S0011', 'SC0161', 1),
('S0012', 'SC0161', 1),
('S0001', 'SC0162', 1),
('S0002', 'SC0162', 1),
('S0003', 'SC0162', 1),
('S0004', 'SC0162', 1),
('S0005', 'SC0162', 1),
('S0006', 'SC0162', 1),
('S0007', 'SC0162', 1),
('S0008', 'SC0162', 1),
('S0009', 'SC0162', 1),
('S0010', 'SC0162', 1),
('S0011', 'SC0162', 1),
('S0012', 'SC0162', 1),
('S0001', 'SC0163', 1),
('S0002', 'SC0163', 1),
('S0003', 'SC0163', 1),
('S0004', 'SC0163', 1),
('S0005', 'SC0163', 1),
('S0006', 'SC0163', 1),
('S0007', 'SC0163', 1),
('S0008', 'SC0163', 1),
('S0009', 'SC0163', 1),
('S0010', 'SC0163', 1),
('S0011', 'SC0163', 1),
('S0012', 'SC0163', 1),
('S0001', 'SC0164', 1),
('S0002', 'SC0164', 1),
('S0003', 'SC0164', 1),
('S0004', 'SC0164', 1),
('S0005', 'SC0164', 1),
('S0006', 'SC0164', 1),
('S0007', 'SC0164', 1),
('S0008', 'SC0164', 1),
('S0009', 'SC0164', 1),
('S0010', 'SC0164', 1),
('S0011', 'SC0164', 1),
('S0012', 'SC0164', 1),
('S0001', 'SC0165', 1),
('S0002', 'SC0165', 1),
('S0003', 'SC0165', 1),
('S0004', 'SC0165', 1),
('S0005', 'SC0165', 1),
('S0006', 'SC0165', 1),
('S0007', 'SC0165', 1),
('S0008', 'SC0165', 1),
('S0009', 'SC0165', 1),
('S0010', 'SC0165', 1),
('S0011', 'SC0165', 1),
('S0012', 'SC0165', 1),
('S0001', 'SC0166', 1),
('S0002', 'SC0166', 1),
('S0003', 'SC0166', 1),
('S0004', 'SC0166', 1),
('S0005', 'SC0166', 1),
('S0006', 'SC0166', 1),
('S0007', 'SC0166', 1),
('S0008', 'SC0166', 1),
('S0009', 'SC0166', 1),
('S0010', 'SC0166', 1),
('S0011', 'SC0166', 1),
('S0012', 'SC0166', 1),
('S0001', 'SC0167', 1),
('S0002', 'SC0167', 1),
('S0003', 'SC0167', 1),
('S0004', 'SC0167', 1),
('S0005', 'SC0167', 1),
('S0006', 'SC0167', 1),
('S0007', 'SC0167', 1),
('S0008', 'SC0167', 1),
('S0009', 'SC0167', 1),
('S0010', 'SC0167', 1),
('S0011', 'SC0167', 1),
('S0012', 'SC0167', 1),
('S0001', 'SC0168', 1),
('S0002', 'SC0168', 1),
('S0003', 'SC0168', 1),
('S0004', 'SC0168', 1),
('S0005', 'SC0168', 1),
('S0006', 'SC0168', 1),
('S0007', 'SC0168', 1),
('S0008', 'SC0168', 1),
('S0009', 'SC0168', 1),
('S0010', 'SC0168', 1),
('S0011', 'SC0168', 1),
('S0012', 'SC0168', 1),
('S0001', 'SC0169', 0),
('S0002', 'SC0169', 0),
('S0003', 'SC0169', 0),
('S0004', 'SC0169', 0),
('S0005', 'SC0169', 0),
('S0006', 'SC0169', 0),
('S0007', 'SC0169', 0),
('S0008', 'SC0169', 0),
('S0009', 'SC0169', 1),
('S0010', 'SC0169', 1),
('S0011', 'SC0169', 1),
('S0012', 'SC0169', 1),
('S0001', 'SC0170', 1),
('S0002', 'SC0170', 1),
('S0003', 'SC0170', 1),
('S0004', 'SC0170', 1),
('S0005', 'SC0170', 1),
('S0006', 'SC0170', 1),
('S0007', 'SC0170', 1),
('S0008', 'SC0170', 1),
('S0009', 'SC0170', 1),
('S0010', 'SC0170', 1),
('S0011', 'SC0170', 1),
('S0012', 'SC0170', 1),
('S0001', 'SC0171', 1),
('S0002', 'SC0171', 1),
('S0003', 'SC0171', 1),
('S0004', 'SC0171', 1),
('S0005', 'SC0171', 1),
('S0006', 'SC0171', 1),
('S0007', 'SC0171', 1),
('S0008', 'SC0171', 1),
('S0009', 'SC0171', 1),
('S0010', 'SC0171', 1),
('S0011', 'SC0171', 1),
('S0012', 'SC0171', 1),
('S0001', 'SC0172', 1),
('S0002', 'SC0172', 1),
('S0003', 'SC0172', 1),
('S0004', 'SC0172', 1),
('S0005', 'SC0172', 1),
('S0006', 'SC0172', 1),
('S0007', 'SC0172', 1),
('S0008', 'SC0172', 1),
('S0009', 'SC0172', 1),
('S0010', 'SC0172', 1),
('S0011', 'SC0172', 1),
('S0012', 'SC0172', 1),
('S0001', 'SC0173', 1),
('S0002', 'SC0173', 1),
('S0003', 'SC0173', 1),
('S0004', 'SC0173', 1),
('S0005', 'SC0173', 1),
('S0006', 'SC0173', 1),
('S0007', 'SC0173', 1),
('S0008', 'SC0173', 1),
('S0009', 'SC0173', 1),
('S0010', 'SC0173', 1),
('S0011', 'SC0173', 1),
('S0012', 'SC0173', 1),
('S0001', 'SC0174', 1),
('S0002', 'SC0174', 1),
('S0003', 'SC0174', 1),
('S0004', 'SC0174', 1),
('S0005', 'SC0174', 1),
('S0006', 'SC0174', 1),
('S0007', 'SC0174', 1),
('S0008', 'SC0174', 1),
('S0009', 'SC0174', 1),
('S0010', 'SC0174', 1),
('S0011', 'SC0174', 1),
('S0012', 'SC0174', 1),
('S0001', 'SC0175', 1),
('S0002', 'SC0175', 1),
('S0003', 'SC0175', 1),
('S0004', 'SC0175', 1),
('S0005', 'SC0175', 1),
('S0006', 'SC0175', 1),
('S0007', 'SC0175', 1),
('S0008', 'SC0175', 1),
('S0009', 'SC0175', 1),
('S0010', 'SC0175', 1),
('S0011', 'SC0175', 1),
('S0012', 'SC0175', 1),
('S0001', 'SC0176', 1),
('S0002', 'SC0176', 1),
('S0003', 'SC0176', 1),
('S0004', 'SC0176', 1),
('S0005', 'SC0176', 1),
('S0006', 'SC0176', 1),
('S0007', 'SC0176', 1),
('S0008', 'SC0176', 1),
('S0009', 'SC0176', 1),
('S0010', 'SC0176', 1),
('S0011', 'SC0176', 1),
('S0012', 'SC0176', 1),
('S0001', 'SC0177', 0),
('S0002', 'SC0177', 0),
('S0003', 'SC0177', 0),
('S0004', 'SC0177', 1),
('S0005', 'SC0177', 1),
('S0006', 'SC0177', 1),
('S0007', 'SC0177', 1),
('S0008', 'SC0177', 1),
('S0009', 'SC0177', 1),
('S0010', 'SC0177', 1),
('S0011', 'SC0177', 1),
('S0012', 'SC0177', 1),
('S0001', 'SC0178', 1),
('S0002', 'SC0178', 1),
('S0003', 'SC0178', 1),
('S0004', 'SC0178', 1),
('S0005', 'SC0178', 1),
('S0006', 'SC0178', 1),
('S0007', 'SC0178', 1),
('S0008', 'SC0178', 1),
('S0009', 'SC0178', 1),
('S0010', 'SC0178', 1),
('S0011', 'SC0178', 1),
('S0012', 'SC0178', 1),
('S0001', 'SC0179', 1),
('S0002', 'SC0179', 1),
('S0003', 'SC0179', 1),
('S0004', 'SC0179', 1),
('S0005', 'SC0179', 1),
('S0006', 'SC0179', 1),
('S0007', 'SC0179', 1),
('S0008', 'SC0179', 1),
('S0009', 'SC0179', 1),
('S0010', 'SC0179', 1),
('S0011', 'SC0179', 1),
('S0012', 'SC0179', 1),
('S0001', 'SC0180', 1),
('S0002', 'SC0180', 1),
('S0003', 'SC0180', 1),
('S0004', 'SC0180', 1),
('S0005', 'SC0180', 1),
('S0006', 'SC0180', 1),
('S0007', 'SC0180', 1),
('S0008', 'SC0180', 1),
('S0009', 'SC0180', 1),
('S0010', 'SC0180', 1),
('S0011', 'SC0180', 1),
('S0012', 'SC0180', 1),
('S0001', 'SC0181', 1),
('S0002', 'SC0181', 1),
('S0003', 'SC0181', 1),
('S0004', 'SC0181', 1),
('S0005', 'SC0181', 1),
('S0006', 'SC0181', 1),
('S0007', 'SC0181', 1),
('S0008', 'SC0181', 1),
('S0009', 'SC0181', 1),
('S0010', 'SC0181', 1),
('S0011', 'SC0181', 1),
('S0012', 'SC0181', 1),
('S0001', 'SC0182', 1),
('S0002', 'SC0182', 1),
('S0003', 'SC0182', 1),
('S0004', 'SC0182', 1),
('S0005', 'SC0182', 1),
('S0006', 'SC0182', 1),
('S0007', 'SC0182', 1),
('S0008', 'SC0182', 1),
('S0009', 'SC0182', 1),
('S0010', 'SC0182', 1),
('S0011', 'SC0182', 1),
('S0012', 'SC0182', 1),
('S0001', 'SC0183', 1),
('S0002', 'SC0183', 1),
('S0003', 'SC0183', 1),
('S0004', 'SC0183', 1),
('S0005', 'SC0183', 1),
('S0006', 'SC0183', 1),
('S0007', 'SC0183', 1),
('S0008', 'SC0183', 1),
('S0009', 'SC0183', 1),
('S0010', 'SC0183', 1),
('S0011', 'SC0183', 1),
('S0012', 'SC0183', 1),
('S0001', 'SC0184', 1),
('S0002', 'SC0184', 1),
('S0003', 'SC0184', 1),
('S0004', 'SC0184', 1),
('S0005', 'SC0184', 1),
('S0006', 'SC0184', 1),
('S0007', 'SC0184', 1),
('S0008', 'SC0184', 1),
('S0009', 'SC0184', 1),
('S0010', 'SC0184', 1),
('S0011', 'SC0184', 1),
('S0012', 'SC0184', 1),
('S0001', 'SC0185', 1),
('S0002', 'SC0185', 1),
('S0003', 'SC0185', 1),
('S0004', 'SC0185', 1),
('S0005', 'SC0185', 1),
('S0006', 'SC0185', 1),
('S0007', 'SC0185', 1),
('S0008', 'SC0185', 1),
('S0009', 'SC0185', 1),
('S0010', 'SC0185', 1),
('S0011', 'SC0185', 1),
('S0012', 'SC0185', 1),
('S0001', 'SC0186', 1),
('S0002', 'SC0186', 1),
('S0003', 'SC0186', 1),
('S0004', 'SC0186', 1),
('S0005', 'SC0186', 1),
('S0006', 'SC0186', 1),
('S0007', 'SC0186', 1),
('S0008', 'SC0186', 1),
('S0009', 'SC0186', 1),
('S0010', 'SC0186', 1),
('S0011', 'SC0186', 1),
('S0012', 'SC0186', 1),
('S0001', 'SC0187', 1),
('S0002', 'SC0187', 1),
('S0003', 'SC0187', 1),
('S0004', 'SC0187', 1),
('S0005', 'SC0187', 1),
('S0006', 'SC0187', 1),
('S0007', 'SC0187', 1),
('S0008', 'SC0187', 1),
('S0009', 'SC0187', 1),
('S0010', 'SC0187', 1),
('S0011', 'SC0187', 1),
('S0012', 'SC0187', 1),
('S0001', 'SC0188', 1),
('S0002', 'SC0188', 1),
('S0003', 'SC0188', 1),
('S0004', 'SC0188', 1),
('S0005', 'SC0188', 1),
('S0006', 'SC0188', 1),
('S0007', 'SC0188', 1),
('S0008', 'SC0188', 1),
('S0009', 'SC0188', 1),
('S0010', 'SC0188', 1),
('S0011', 'SC0188', 1),
('S0012', 'SC0188', 1),
('S0001', 'SC0189', 1),
('S0002', 'SC0189', 1),
('S0003', 'SC0189', 1),
('S0004', 'SC0189', 1),
('S0005', 'SC0189', 1),
('S0006', 'SC0189', 1),
('S0007', 'SC0189', 1),
('S0008', 'SC0189', 1),
('S0009', 'SC0189', 1),
('S0010', 'SC0189', 1),
('S0011', 'SC0189', 1),
('S0012', 'SC0189', 1),
('S0001', 'SC0190', 1);
INSERT INTO `seatschedule` (`seatno`, `sid`, `avail`) VALUES
('S0002', 'SC0190', 1),
('S0003', 'SC0190', 1),
('S0004', 'SC0190', 1),
('S0005', 'SC0190', 1),
('S0006', 'SC0190', 1),
('S0007', 'SC0190', 1),
('S0008', 'SC0190', 1),
('S0009', 'SC0190', 1),
('S0010', 'SC0190', 1),
('S0011', 'SC0190', 1),
('S0012', 'SC0190', 1),
('S0001', 'SC0191', 1),
('S0002', 'SC0191', 1),
('S0003', 'SC0191', 1),
('S0004', 'SC0191', 1),
('S0005', 'SC0191', 1),
('S0006', 'SC0191', 1),
('S0007', 'SC0191', 1),
('S0008', 'SC0191', 1),
('S0009', 'SC0191', 1),
('S0010', 'SC0191', 1),
('S0011', 'SC0191', 1),
('S0012', 'SC0191', 1),
('S0001', 'SC0192', 1),
('S0002', 'SC0192', 1),
('S0003', 'SC0192', 1),
('S0004', 'SC0192', 1),
('S0005', 'SC0192', 1),
('S0006', 'SC0192', 1),
('S0007', 'SC0192', 1),
('S0008', 'SC0192', 1),
('S0009', 'SC0192', 1),
('S0010', 'SC0192', 1),
('S0011', 'SC0192', 1),
('S0012', 'SC0192', 1),
('S0001', 'SC0193', 1),
('S0002', 'SC0193', 1),
('S0003', 'SC0193', 1),
('S0004', 'SC0193', 1),
('S0005', 'SC0193', 1),
('S0006', 'SC0193', 1),
('S0007', 'SC0193', 1),
('S0008', 'SC0193', 1),
('S0009', 'SC0193', 1),
('S0010', 'SC0193', 1),
('S0011', 'SC0193', 1),
('S0012', 'SC0193', 1),
('S0001', 'SC0194', 1),
('S0002', 'SC0194', 1),
('S0003', 'SC0194', 1),
('S0004', 'SC0194', 1),
('S0005', 'SC0194', 1),
('S0006', 'SC0194', 1),
('S0007', 'SC0194', 1),
('S0008', 'SC0194', 1),
('S0009', 'SC0194', 1),
('S0010', 'SC0194', 1),
('S0011', 'SC0194', 1),
('S0012', 'SC0194', 1),
('S0001', 'SC0195', 1),
('S0002', 'SC0195', 1),
('S0003', 'SC0195', 1),
('S0004', 'SC0195', 1),
('S0005', 'SC0195', 1),
('S0006', 'SC0195', 1),
('S0007', 'SC0195', 1),
('S0008', 'SC0195', 1),
('S0009', 'SC0195', 1),
('S0010', 'SC0195', 1),
('S0011', 'SC0195', 1),
('S0012', 'SC0195', 1),
('S0001', 'SC0196', 1),
('S0002', 'SC0196', 1),
('S0003', 'SC0196', 1),
('S0004', 'SC0196', 1),
('S0005', 'SC0196', 1),
('S0006', 'SC0196', 1),
('S0007', 'SC0196', 1),
('S0008', 'SC0196', 1),
('S0009', 'SC0196', 1),
('S0010', 'SC0196', 1),
('S0011', 'SC0196', 1),
('S0012', 'SC0196', 1),
('S0001', 'SC0197', 0),
('S0002', 'SC0197', 0),
('S0003', 'SC0197', 0),
('S0004', 'SC0197', 0),
('S0005', 'SC0197', 1),
('S0006', 'SC0197', 1),
('S0007', 'SC0197', 1),
('S0008', 'SC0197', 1),
('S0009', 'SC0197', 1),
('S0010', 'SC0197', 1),
('S0011', 'SC0197', 1),
('S0012', 'SC0197', 1),
('S0001', 'SC0198', 1),
('S0002', 'SC0198', 1),
('S0003', 'SC0198', 1),
('S0004', 'SC0198', 1),
('S0005', 'SC0198', 1),
('S0006', 'SC0198', 1),
('S0007', 'SC0198', 1),
('S0008', 'SC0198', 1),
('S0009', 'SC0198', 1),
('S0010', 'SC0198', 1),
('S0011', 'SC0198', 1),
('S0012', 'SC0198', 1),
('S0001', 'SC0199', 1),
('S0002', 'SC0199', 1),
('S0003', 'SC0199', 1),
('S0004', 'SC0199', 1),
('S0005', 'SC0199', 1),
('S0006', 'SC0199', 1),
('S0007', 'SC0199', 1),
('S0008', 'SC0199', 1),
('S0009', 'SC0199', 1),
('S0010', 'SC0199', 1),
('S0011', 'SC0199', 1),
('S0012', 'SC0199', 1),
('S0001', 'SC0200', 1),
('S0002', 'SC0200', 1),
('S0003', 'SC0200', 1),
('S0004', 'SC0200', 1),
('S0005', 'SC0200', 1),
('S0006', 'SC0200', 1),
('S0007', 'SC0200', 1),
('S0008', 'SC0200', 1),
('S0009', 'SC0200', 1),
('S0010', 'SC0200', 1),
('S0011', 'SC0200', 1),
('S0012', 'SC0200', 1),
('S0001', 'SC0201', 1),
('S0002', 'SC0201', 1),
('S0003', 'SC0201', 1),
('S0004', 'SC0201', 1),
('S0005', 'SC0201', 1),
('S0006', 'SC0201', 1),
('S0007', 'SC0201', 1),
('S0008', 'SC0201', 1),
('S0009', 'SC0201', 1),
('S0010', 'SC0201', 1),
('S0011', 'SC0201', 1),
('S0012', 'SC0201', 1),
('S0001', 'SC0202', 1),
('S0002', 'SC0202', 1),
('S0003', 'SC0202', 1),
('S0004', 'SC0202', 1),
('S0005', 'SC0202', 1),
('S0006', 'SC0202', 1),
('S0007', 'SC0202', 1),
('S0008', 'SC0202', 1),
('S0009', 'SC0202', 1),
('S0010', 'SC0202', 1),
('S0011', 'SC0202', 1),
('S0012', 'SC0202', 1),
('S0001', 'SC0203', 1),
('S0002', 'SC0203', 1),
('S0003', 'SC0203', 1),
('S0004', 'SC0203', 1),
('S0005', 'SC0203', 1),
('S0006', 'SC0203', 1),
('S0007', 'SC0203', 1),
('S0008', 'SC0203', 1),
('S0009', 'SC0203', 1),
('S0010', 'SC0203', 1),
('S0011', 'SC0203', 1),
('S0012', 'SC0203', 1),
('S0001', 'SC0204', 1),
('S0002', 'SC0204', 1),
('S0003', 'SC0204', 1),
('S0004', 'SC0204', 1),
('S0005', 'SC0204', 1),
('S0006', 'SC0204', 1),
('S0007', 'SC0204', 1),
('S0008', 'SC0204', 1),
('S0009', 'SC0204', 1),
('S0010', 'SC0204', 1),
('S0011', 'SC0204', 1),
('S0012', 'SC0204', 1),
('S0001', 'SC0205', 1),
('S0002', 'SC0205', 1),
('S0003', 'SC0205', 1),
('S0004', 'SC0205', 1),
('S0005', 'SC0205', 1),
('S0006', 'SC0205', 1),
('S0007', 'SC0205', 1),
('S0008', 'SC0205', 1),
('S0009', 'SC0205', 1),
('S0010', 'SC0205', 1),
('S0011', 'SC0205', 1),
('S0012', 'SC0205', 1),
('S0001', 'SC0206', 1),
('S0002', 'SC0206', 1),
('S0003', 'SC0206', 1),
('S0004', 'SC0206', 1),
('S0005', 'SC0206', 1),
('S0006', 'SC0206', 1),
('S0007', 'SC0206', 1),
('S0008', 'SC0206', 1),
('S0009', 'SC0206', 1),
('S0010', 'SC0206', 1),
('S0011', 'SC0206', 1),
('S0012', 'SC0206', 1),
('S0001', 'SC0207', 1),
('S0002', 'SC0207', 1),
('S0003', 'SC0207', 1),
('S0004', 'SC0207', 1),
('S0005', 'SC0207', 1),
('S0006', 'SC0207', 1),
('S0007', 'SC0207', 1),
('S0008', 'SC0207', 1),
('S0009', 'SC0207', 1),
('S0010', 'SC0207', 1),
('S0011', 'SC0207', 1),
('S0012', 'SC0207', 1),
('S0001', 'SC0208', 1),
('S0002', 'SC0208', 1),
('S0003', 'SC0208', 1),
('S0004', 'SC0208', 1),
('S0005', 'SC0208', 1),
('S0006', 'SC0208', 1),
('S0007', 'SC0208', 1),
('S0008', 'SC0208', 1),
('S0009', 'SC0208', 1),
('S0010', 'SC0208', 1),
('S0011', 'SC0208', 1),
('S0012', 'SC0208', 1),
('S0001', 'SC0209', 1),
('S0002', 'SC0209', 1),
('S0003', 'SC0209', 1),
('S0004', 'SC0209', 1),
('S0005', 'SC0209', 1),
('S0006', 'SC0209', 1),
('S0007', 'SC0209', 1),
('S0008', 'SC0209', 1),
('S0009', 'SC0209', 1),
('S0010', 'SC0209', 1),
('S0011', 'SC0209', 1),
('S0012', 'SC0209', 1),
('S0001', 'SC0210', 1),
('S0002', 'SC0210', 1),
('S0003', 'SC0210', 1),
('S0004', 'SC0210', 1),
('S0005', 'SC0210', 1),
('S0006', 'SC0210', 1),
('S0007', 'SC0210', 1),
('S0008', 'SC0210', 1),
('S0009', 'SC0210', 1),
('S0010', 'SC0210', 1),
('S0011', 'SC0210', 1),
('S0012', 'SC0210', 1),
('S0001', 'SC0211', 1),
('S0002', 'SC0211', 1),
('S0003', 'SC0211', 1),
('S0004', 'SC0211', 1),
('S0005', 'SC0211', 1),
('S0006', 'SC0211', 1),
('S0007', 'SC0211', 1),
('S0008', 'SC0211', 1),
('S0009', 'SC0211', 1),
('S0010', 'SC0211', 1),
('S0011', 'SC0211', 1),
('S0012', 'SC0211', 1),
('S0001', 'SC0212', 1),
('S0002', 'SC0212', 1),
('S0003', 'SC0212', 1),
('S0004', 'SC0212', 1),
('S0005', 'SC0212', 1),
('S0006', 'SC0212', 1),
('S0007', 'SC0212', 1),
('S0008', 'SC0212', 1),
('S0009', 'SC0212', 1),
('S0010', 'SC0212', 1),
('S0011', 'SC0212', 1),
('S0012', 'SC0212', 1),
('S0001', 'SC0213', 1),
('S0002', 'SC0213', 1),
('S0003', 'SC0213', 1),
('S0004', 'SC0213', 1),
('S0005', 'SC0213', 1),
('S0006', 'SC0213', 1),
('S0007', 'SC0213', 1),
('S0008', 'SC0213', 1),
('S0009', 'SC0213', 1),
('S0010', 'SC0213', 1),
('S0011', 'SC0213', 1),
('S0012', 'SC0213', 1),
('S0001', 'SC0214', 1),
('S0002', 'SC0214', 1),
('S0003', 'SC0214', 1),
('S0004', 'SC0214', 1),
('S0005', 'SC0214', 1),
('S0006', 'SC0214', 1),
('S0007', 'SC0214', 1),
('S0008', 'SC0214', 1),
('S0009', 'SC0214', 1),
('S0010', 'SC0214', 1),
('S0011', 'SC0214', 1),
('S0012', 'SC0214', 1),
('S0001', 'SC0215', 1),
('S0002', 'SC0215', 1),
('S0003', 'SC0215', 1),
('S0004', 'SC0215', 1),
('S0005', 'SC0215', 1),
('S0006', 'SC0215', 1),
('S0007', 'SC0215', 1),
('S0008', 'SC0215', 1),
('S0009', 'SC0215', 1),
('S0010', 'SC0215', 1),
('S0011', 'SC0215', 1),
('S0012', 'SC0215', 1),
('S0001', 'SC0216', 1),
('S0002', 'SC0216', 1),
('S0003', 'SC0216', 1),
('S0004', 'SC0216', 1),
('S0005', 'SC0216', 1),
('S0006', 'SC0216', 1),
('S0007', 'SC0216', 1),
('S0008', 'SC0216', 1),
('S0009', 'SC0216', 1),
('S0010', 'SC0216', 1),
('S0011', 'SC0216', 1),
('S0012', 'SC0216', 1),
('S0001', 'SC0217', 1),
('S0002', 'SC0217', 1),
('S0003', 'SC0217', 1),
('S0004', 'SC0217', 1),
('S0005', 'SC0217', 1),
('S0006', 'SC0217', 1),
('S0007', 'SC0217', 1),
('S0008', 'SC0217', 1),
('S0009', 'SC0217', 1),
('S0010', 'SC0217', 1),
('S0011', 'SC0217', 1),
('S0012', 'SC0217', 1),
('S0001', 'SC0218', 1),
('S0002', 'SC0218', 1),
('S0003', 'SC0218', 1),
('S0004', 'SC0218', 1),
('S0005', 'SC0218', 1),
('S0006', 'SC0218', 1),
('S0007', 'SC0218', 1),
('S0008', 'SC0218', 1),
('S0009', 'SC0218', 1),
('S0010', 'SC0218', 1),
('S0011', 'SC0218', 1),
('S0012', 'SC0218', 1),
('S0001', 'SC0219', 1),
('S0002', 'SC0219', 1),
('S0003', 'SC0219', 1),
('S0004', 'SC0219', 1),
('S0005', 'SC0219', 1),
('S0006', 'SC0219', 1),
('S0007', 'SC0219', 1),
('S0008', 'SC0219', 1),
('S0009', 'SC0219', 1),
('S0010', 'SC0219', 1),
('S0011', 'SC0219', 1),
('S0012', 'SC0219', 1),
('S0001', 'SC0220', 1),
('S0002', 'SC0220', 1),
('S0003', 'SC0220', 1),
('S0004', 'SC0220', 1),
('S0005', 'SC0220', 1),
('S0006', 'SC0220', 1),
('S0007', 'SC0220', 1),
('S0008', 'SC0220', 1),
('S0009', 'SC0220', 1),
('S0010', 'SC0220', 1),
('S0011', 'SC0220', 1),
('S0012', 'SC0220', 1),
('S0001', 'SC0221', 1),
('S0002', 'SC0221', 1),
('S0003', 'SC0221', 1),
('S0004', 'SC0221', 1),
('S0005', 'SC0221', 1),
('S0006', 'SC0221', 1),
('S0007', 'SC0221', 1),
('S0008', 'SC0221', 1),
('S0009', 'SC0221', 1),
('S0010', 'SC0221', 1),
('S0011', 'SC0221', 1),
('S0012', 'SC0221', 1),
('S0001', 'SC0222', 1),
('S0002', 'SC0222', 1),
('S0003', 'SC0222', 1),
('S0004', 'SC0222', 1),
('S0005', 'SC0222', 1),
('S0006', 'SC0222', 1),
('S0007', 'SC0222', 1),
('S0008', 'SC0222', 1),
('S0009', 'SC0222', 1),
('S0010', 'SC0222', 1),
('S0011', 'SC0222', 1),
('S0012', 'SC0222', 1),
('S0001', 'SC0223', 1),
('S0002', 'SC0223', 1),
('S0003', 'SC0223', 1),
('S0004', 'SC0223', 1),
('S0005', 'SC0223', 1),
('S0006', 'SC0223', 1),
('S0007', 'SC0223', 1),
('S0008', 'SC0223', 1),
('S0009', 'SC0223', 1),
('S0010', 'SC0223', 1),
('S0011', 'SC0223', 1),
('S0012', 'SC0223', 1),
('S0001', 'SC0224', 1),
('S0002', 'SC0224', 1),
('S0003', 'SC0224', 1),
('S0004', 'SC0224', 1),
('S0005', 'SC0224', 1),
('S0006', 'SC0224', 1),
('S0007', 'SC0224', 1),
('S0008', 'SC0224', 1),
('S0009', 'SC0224', 1),
('S0010', 'SC0224', 1),
('S0011', 'SC0224', 1),
('S0012', 'SC0224', 1),
('S0001', 'SC0225', 1),
('S0002', 'SC0225', 1),
('S0003', 'SC0225', 1),
('S0004', 'SC0225', 1),
('S0005', 'SC0225', 1),
('S0006', 'SC0225', 1),
('S0007', 'SC0225', 1),
('S0008', 'SC0225', 1),
('S0009', 'SC0225', 1),
('S0010', 'SC0225', 1),
('S0011', 'SC0225', 1),
('S0012', 'SC0225', 1),
('S0001', 'SC0226', 1),
('S0002', 'SC0226', 1),
('S0003', 'SC0226', 1),
('S0004', 'SC0226', 1),
('S0005', 'SC0226', 1),
('S0006', 'SC0226', 1),
('S0007', 'SC0226', 1),
('S0008', 'SC0226', 1),
('S0009', 'SC0226', 1),
('S0010', 'SC0226', 1),
('S0011', 'SC0226', 1),
('S0012', 'SC0226', 1),
('S0001', 'SC0227', 1),
('S0002', 'SC0227', 1),
('S0003', 'SC0227', 1),
('S0004', 'SC0227', 1),
('S0005', 'SC0227', 1),
('S0006', 'SC0227', 1),
('S0007', 'SC0227', 1),
('S0008', 'SC0227', 1),
('S0009', 'SC0227', 1),
('S0010', 'SC0227', 1),
('S0011', 'SC0227', 1),
('S0012', 'SC0227', 1),
('S0001', 'SC0228', 1),
('S0002', 'SC0228', 1),
('S0003', 'SC0228', 1),
('S0004', 'SC0228', 1),
('S0005', 'SC0228', 1),
('S0006', 'SC0228', 1),
('S0007', 'SC0228', 1),
('S0008', 'SC0228', 1),
('S0009', 'SC0228', 1),
('S0010', 'SC0228', 1),
('S0011', 'SC0228', 1),
('S0012', 'SC0228', 1),
('S0001', 'SC0229', 1),
('S0002', 'SC0229', 1),
('S0003', 'SC0229', 1),
('S0004', 'SC0229', 1),
('S0005', 'SC0229', 1),
('S0006', 'SC0229', 1),
('S0007', 'SC0229', 1),
('S0008', 'SC0229', 1),
('S0009', 'SC0229', 1),
('S0010', 'SC0229', 1),
('S0011', 'SC0229', 1),
('S0012', 'SC0229', 1),
('S0001', 'SC0230', 1),
('S0002', 'SC0230', 1),
('S0003', 'SC0230', 1),
('S0004', 'SC0230', 1),
('S0005', 'SC0230', 1),
('S0006', 'SC0230', 1),
('S0007', 'SC0230', 1),
('S0008', 'SC0230', 1),
('S0009', 'SC0230', 1),
('S0010', 'SC0230', 1),
('S0011', 'SC0230', 1),
('S0012', 'SC0230', 1),
('S0001', 'SC0231', 1),
('S0002', 'SC0231', 1),
('S0003', 'SC0231', 1),
('S0004', 'SC0231', 1),
('S0005', 'SC0231', 1),
('S0006', 'SC0231', 1),
('S0007', 'SC0231', 1),
('S0008', 'SC0231', 1),
('S0009', 'SC0231', 1),
('S0010', 'SC0231', 1),
('S0011', 'SC0231', 1),
('S0012', 'SC0231', 1),
('S0001', 'SC0232', 1),
('S0002', 'SC0232', 1),
('S0003', 'SC0232', 1),
('S0004', 'SC0232', 1),
('S0005', 'SC0232', 1),
('S0006', 'SC0232', 1),
('S0007', 'SC0232', 1),
('S0008', 'SC0232', 1),
('S0009', 'SC0232', 1),
('S0010', 'SC0232', 1),
('S0011', 'SC0232', 1),
('S0012', 'SC0232', 1),
('S0001', 'SC0233', 1),
('S0002', 'SC0233', 1),
('S0003', 'SC0233', 1),
('S0004', 'SC0233', 1),
('S0005', 'SC0233', 1),
('S0006', 'SC0233', 1),
('S0007', 'SC0233', 1),
('S0008', 'SC0233', 1),
('S0009', 'SC0233', 1),
('S0010', 'SC0233', 1),
('S0011', 'SC0233', 1),
('S0012', 'SC0233', 1),
('S0001', 'SC0234', 1),
('S0002', 'SC0234', 1),
('S0003', 'SC0234', 1),
('S0004', 'SC0234', 1),
('S0005', 'SC0234', 1),
('S0006', 'SC0234', 1),
('S0007', 'SC0234', 1),
('S0008', 'SC0234', 1),
('S0009', 'SC0234', 1),
('S0010', 'SC0234', 1),
('S0011', 'SC0234', 1),
('S0012', 'SC0234', 1),
('S0001', 'SC0235', 1),
('S0002', 'SC0235', 1),
('S0003', 'SC0235', 1),
('S0004', 'SC0235', 1),
('S0005', 'SC0235', 1),
('S0006', 'SC0235', 1),
('S0007', 'SC0235', 1),
('S0008', 'SC0235', 1),
('S0009', 'SC0235', 1),
('S0010', 'SC0235', 1),
('S0011', 'SC0235', 1),
('S0012', 'SC0235', 1),
('S0001', 'SC0236', 1),
('S0002', 'SC0236', 1),
('S0003', 'SC0236', 1),
('S0004', 'SC0236', 1),
('S0005', 'SC0236', 1),
('S0006', 'SC0236', 1),
('S0007', 'SC0236', 1),
('S0008', 'SC0236', 1),
('S0009', 'SC0236', 1),
('S0010', 'SC0236', 1),
('S0011', 'SC0236', 1),
('S0012', 'SC0236', 1),
('S0001', 'SC0237', 1),
('S0002', 'SC0237', 1),
('S0003', 'SC0237', 1),
('S0004', 'SC0237', 1),
('S0005', 'SC0237', 1),
('S0006', 'SC0237', 1),
('S0007', 'SC0237', 1),
('S0008', 'SC0237', 1),
('S0009', 'SC0237', 1),
('S0010', 'SC0237', 1),
('S0011', 'SC0237', 1),
('S0012', 'SC0237', 1),
('S0001', 'SC0238', 1),
('S0002', 'SC0238', 1),
('S0003', 'SC0238', 1),
('S0004', 'SC0238', 1),
('S0005', 'SC0238', 1),
('S0006', 'SC0238', 1),
('S0007', 'SC0238', 1),
('S0008', 'SC0238', 1),
('S0009', 'SC0238', 1),
('S0010', 'SC0238', 1),
('S0011', 'SC0238', 1),
('S0012', 'SC0238', 1),
('S0001', 'SC0239', 1),
('S0002', 'SC0239', 1),
('S0003', 'SC0239', 1),
('S0004', 'SC0239', 1),
('S0005', 'SC0239', 1),
('S0006', 'SC0239', 1),
('S0007', 'SC0239', 1),
('S0008', 'SC0239', 1),
('S0009', 'SC0239', 1),
('S0010', 'SC0239', 1),
('S0011', 'SC0239', 1),
('S0012', 'SC0239', 1),
('S0001', 'SC0240', 1),
('S0002', 'SC0240', 1),
('S0003', 'SC0240', 1),
('S0004', 'SC0240', 1),
('S0005', 'SC0240', 1),
('S0006', 'SC0240', 1),
('S0007', 'SC0240', 1),
('S0008', 'SC0240', 1),
('S0009', 'SC0240', 1),
('S0010', 'SC0240', 1),
('S0011', 'SC0240', 1),
('S0012', 'SC0240', 1),
('S0001', 'SC0241', 1),
('S0002', 'SC0241', 1),
('S0003', 'SC0241', 1),
('S0004', 'SC0241', 1),
('S0005', 'SC0241', 1),
('S0006', 'SC0241', 1),
('S0007', 'SC0241', 1),
('S0008', 'SC0241', 1),
('S0009', 'SC0241', 1),
('S0010', 'SC0241', 1),
('S0011', 'SC0241', 1),
('S0012', 'SC0241', 1),
('S0001', 'SC0242', 1),
('S0002', 'SC0242', 1),
('S0003', 'SC0242', 1),
('S0004', 'SC0242', 1),
('S0005', 'SC0242', 1),
('S0006', 'SC0242', 1),
('S0007', 'SC0242', 1),
('S0008', 'SC0242', 1),
('S0009', 'SC0242', 1),
('S0010', 'SC0242', 1),
('S0011', 'SC0242', 1),
('S0012', 'SC0242', 1),
('S0001', 'SC0243', 1),
('S0002', 'SC0243', 1),
('S0003', 'SC0243', 1),
('S0004', 'SC0243', 1),
('S0005', 'SC0243', 1),
('S0006', 'SC0243', 1),
('S0007', 'SC0243', 1),
('S0008', 'SC0243', 1),
('S0009', 'SC0243', 1),
('S0010', 'SC0243', 1),
('S0011', 'SC0243', 1),
('S0012', 'SC0243', 1),
('S0001', 'SC0244', 1),
('S0002', 'SC0244', 1),
('S0003', 'SC0244', 1),
('S0004', 'SC0244', 1),
('S0005', 'SC0244', 1),
('S0006', 'SC0244', 1),
('S0007', 'SC0244', 1),
('S0008', 'SC0244', 1),
('S0009', 'SC0244', 1),
('S0010', 'SC0244', 1),
('S0011', 'SC0244', 1),
('S0012', 'SC0244', 1),
('S0001', 'SC0245', 1),
('S0002', 'SC0245', 1),
('S0003', 'SC0245', 1),
('S0004', 'SC0245', 1),
('S0005', 'SC0245', 1),
('S0006', 'SC0245', 1),
('S0007', 'SC0245', 1),
('S0008', 'SC0245', 1),
('S0009', 'SC0245', 1),
('S0010', 'SC0245', 1),
('S0011', 'SC0245', 1),
('S0012', 'SC0245', 1),
('S0001', 'SC0246', 1),
('S0002', 'SC0246', 1),
('S0003', 'SC0246', 1),
('S0004', 'SC0246', 1),
('S0005', 'SC0246', 1),
('S0006', 'SC0246', 1),
('S0007', 'SC0246', 1),
('S0008', 'SC0246', 1),
('S0009', 'SC0246', 1),
('S0010', 'SC0246', 1),
('S0011', 'SC0246', 1),
('S0012', 'SC0246', 1),
('S0001', 'SC0247', 1),
('S0002', 'SC0247', 1),
('S0003', 'SC0247', 1),
('S0004', 'SC0247', 1),
('S0005', 'SC0247', 1),
('S0006', 'SC0247', 1),
('S0007', 'SC0247', 1),
('S0008', 'SC0247', 1),
('S0009', 'SC0247', 1),
('S0010', 'SC0247', 1),
('S0011', 'SC0247', 1),
('S0012', 'SC0247', 1),
('S0001', 'SC0248', 1),
('S0002', 'SC0248', 1),
('S0003', 'SC0248', 1),
('S0004', 'SC0248', 1),
('S0005', 'SC0248', 1),
('S0006', 'SC0248', 1),
('S0007', 'SC0248', 1),
('S0008', 'SC0248', 1),
('S0009', 'SC0248', 1),
('S0010', 'SC0248', 1),
('S0011', 'SC0248', 1),
('S0012', 'SC0248', 1),
('S0001', 'SC0249', 1),
('S0002', 'SC0249', 1),
('S0003', 'SC0249', 1),
('S0004', 'SC0249', 1),
('S0005', 'SC0249', 1),
('S0006', 'SC0249', 1),
('S0007', 'SC0249', 1),
('S0008', 'SC0249', 1),
('S0009', 'SC0249', 1),
('S0010', 'SC0249', 1),
('S0011', 'SC0249', 1),
('S0012', 'SC0249', 1),
('S0001', 'SC0250', 1),
('S0002', 'SC0250', 1),
('S0003', 'SC0250', 1),
('S0004', 'SC0250', 1),
('S0005', 'SC0250', 1),
('S0006', 'SC0250', 1),
('S0007', 'SC0250', 1),
('S0008', 'SC0250', 1),
('S0009', 'SC0250', 1),
('S0010', 'SC0250', 1),
('S0011', 'SC0250', 1),
('S0012', 'SC0250', 1),
('S0001', 'SC0251', 1),
('S0002', 'SC0251', 1),
('S0003', 'SC0251', 1),
('S0004', 'SC0251', 1),
('S0005', 'SC0251', 1),
('S0006', 'SC0251', 1),
('S0007', 'SC0251', 1),
('S0008', 'SC0251', 1),
('S0009', 'SC0251', 1),
('S0010', 'SC0251', 1),
('S0011', 'SC0251', 1),
('S0012', 'SC0251', 1),
('S0001', 'SC0252', 1),
('S0002', 'SC0252', 1),
('S0003', 'SC0252', 1),
('S0004', 'SC0252', 1),
('S0005', 'SC0252', 1),
('S0006', 'SC0252', 1),
('S0007', 'SC0252', 1),
('S0008', 'SC0252', 1),
('S0009', 'SC0252', 1),
('S0010', 'SC0252', 1),
('S0011', 'SC0252', 1),
('S0012', 'SC0252', 1),
('S0001', 'SC0253', 1),
('S0002', 'SC0253', 1),
('S0003', 'SC0253', 1),
('S0004', 'SC0253', 1),
('S0005', 'SC0253', 1),
('S0006', 'SC0253', 1),
('S0007', 'SC0253', 1),
('S0008', 'SC0253', 1),
('S0009', 'SC0253', 1),
('S0010', 'SC0253', 1),
('S0011', 'SC0253', 1),
('S0012', 'SC0253', 1),
('S0001', 'SC0254', 1),
('S0002', 'SC0254', 1),
('S0003', 'SC0254', 1),
('S0004', 'SC0254', 1),
('S0005', 'SC0254', 1),
('S0006', 'SC0254', 1),
('S0007', 'SC0254', 1),
('S0008', 'SC0254', 1),
('S0009', 'SC0254', 1),
('S0010', 'SC0254', 1),
('S0011', 'SC0254', 1),
('S0012', 'SC0254', 1),
('S0001', 'SC0255', 1),
('S0002', 'SC0255', 1),
('S0003', 'SC0255', 1),
('S0004', 'SC0255', 1),
('S0005', 'SC0255', 1),
('S0006', 'SC0255', 1),
('S0007', 'SC0255', 1),
('S0008', 'SC0255', 1),
('S0009', 'SC0255', 1),
('S0010', 'SC0255', 1),
('S0011', 'SC0255', 1),
('S0012', 'SC0255', 1),
('S0001', 'SC0256', 1),
('S0002', 'SC0256', 1),
('S0003', 'SC0256', 1),
('S0004', 'SC0256', 1),
('S0005', 'SC0256', 1),
('S0006', 'SC0256', 1),
('S0007', 'SC0256', 1),
('S0008', 'SC0256', 1),
('S0009', 'SC0256', 1),
('S0010', 'SC0256', 1),
('S0011', 'SC0256', 1),
('S0012', 'SC0256', 1),
('S0001', 'SC0257', 1),
('S0002', 'SC0257', 1),
('S0003', 'SC0257', 1),
('S0004', 'SC0257', 1),
('S0005', 'SC0257', 1),
('S0006', 'SC0257', 1),
('S0007', 'SC0257', 1),
('S0008', 'SC0257', 1),
('S0009', 'SC0257', 1),
('S0010', 'SC0257', 1),
('S0011', 'SC0257', 1),
('S0012', 'SC0257', 1),
('S0001', 'SC0258', 1),
('S0002', 'SC0258', 1),
('S0003', 'SC0258', 1),
('S0004', 'SC0258', 1),
('S0005', 'SC0258', 1),
('S0006', 'SC0258', 1),
('S0007', 'SC0258', 1),
('S0008', 'SC0258', 1),
('S0009', 'SC0258', 1),
('S0010', 'SC0258', 1),
('S0011', 'SC0258', 1),
('S0012', 'SC0258', 1),
('S0001', 'SC0259', 1),
('S0002', 'SC0259', 1),
('S0003', 'SC0259', 1),
('S0004', 'SC0259', 1),
('S0005', 'SC0259', 1),
('S0006', 'SC0259', 1),
('S0007', 'SC0259', 1),
('S0008', 'SC0259', 1),
('S0009', 'SC0259', 1),
('S0010', 'SC0259', 1),
('S0011', 'SC0259', 1),
('S0012', 'SC0259', 1),
('S0001', 'SC0260', 1),
('S0002', 'SC0260', 1),
('S0003', 'SC0260', 1),
('S0004', 'SC0260', 1),
('S0005', 'SC0260', 1),
('S0006', 'SC0260', 1),
('S0007', 'SC0260', 1),
('S0008', 'SC0260', 1),
('S0009', 'SC0260', 1),
('S0010', 'SC0260', 1),
('S0011', 'SC0260', 1),
('S0012', 'SC0260', 1),
('S0001', 'SC0261', 1),
('S0002', 'SC0261', 1),
('S0003', 'SC0261', 1),
('S0004', 'SC0261', 1),
('S0005', 'SC0261', 1),
('S0006', 'SC0261', 1),
('S0007', 'SC0261', 1),
('S0008', 'SC0261', 1),
('S0009', 'SC0261', 1),
('S0010', 'SC0261', 1),
('S0011', 'SC0261', 1),
('S0012', 'SC0261', 1),
('S0001', 'SC0262', 1),
('S0002', 'SC0262', 1),
('S0003', 'SC0262', 1),
('S0004', 'SC0262', 1),
('S0005', 'SC0262', 1),
('S0006', 'SC0262', 1),
('S0007', 'SC0262', 1),
('S0008', 'SC0262', 1),
('S0009', 'SC0262', 1),
('S0010', 'SC0262', 1),
('S0011', 'SC0262', 1),
('S0012', 'SC0262', 1),
('S0001', 'SC0263', 1),
('S0002', 'SC0263', 1),
('S0003', 'SC0263', 1),
('S0004', 'SC0263', 1),
('S0005', 'SC0263', 1),
('S0006', 'SC0263', 1),
('S0007', 'SC0263', 1),
('S0008', 'SC0263', 1),
('S0009', 'SC0263', 1),
('S0010', 'SC0263', 1),
('S0011', 'SC0263', 1),
('S0012', 'SC0263', 1),
('S0001', 'SC0264', 1),
('S0002', 'SC0264', 1),
('S0003', 'SC0264', 1),
('S0004', 'SC0264', 1),
('S0005', 'SC0264', 1),
('S0006', 'SC0264', 1),
('S0007', 'SC0264', 1),
('S0008', 'SC0264', 1),
('S0009', 'SC0264', 1),
('S0010', 'SC0264', 1),
('S0011', 'SC0264', 1),
('S0012', 'SC0264', 1),
('S0001', 'SC0265', 1),
('S0002', 'SC0265', 1),
('S0003', 'SC0265', 1),
('S0004', 'SC0265', 1),
('S0005', 'SC0265', 1),
('S0006', 'SC0265', 1),
('S0007', 'SC0265', 1),
('S0008', 'SC0265', 1),
('S0009', 'SC0265', 1),
('S0010', 'SC0265', 1),
('S0011', 'SC0265', 1),
('S0012', 'SC0265', 1),
('S0001', 'SC0266', 1),
('S0002', 'SC0266', 1),
('S0003', 'SC0266', 1),
('S0004', 'SC0266', 1),
('S0005', 'SC0266', 1),
('S0006', 'SC0266', 1),
('S0007', 'SC0266', 1),
('S0008', 'SC0266', 1),
('S0009', 'SC0266', 1),
('S0010', 'SC0266', 1),
('S0011', 'SC0266', 1),
('S0012', 'SC0266', 1),
('S0001', 'SC0267', 1),
('S0002', 'SC0267', 1),
('S0003', 'SC0267', 1),
('S0004', 'SC0267', 1),
('S0005', 'SC0267', 1),
('S0006', 'SC0267', 1),
('S0007', 'SC0267', 1),
('S0008', 'SC0267', 1),
('S0009', 'SC0267', 1),
('S0010', 'SC0267', 1),
('S0011', 'SC0267', 1),
('S0012', 'SC0267', 1),
('S0001', 'SC0268', 1),
('S0002', 'SC0268', 1),
('S0003', 'SC0268', 1),
('S0004', 'SC0268', 1),
('S0005', 'SC0268', 1),
('S0006', 'SC0268', 1),
('S0007', 'SC0268', 1),
('S0008', 'SC0268', 1),
('S0009', 'SC0268', 1),
('S0010', 'SC0268', 1),
('S0011', 'SC0268', 1),
('S0012', 'SC0268', 1),
('S0001', 'SC0269', 1),
('S0002', 'SC0269', 1),
('S0003', 'SC0269', 1),
('S0004', 'SC0269', 1),
('S0005', 'SC0269', 1),
('S0006', 'SC0269', 1),
('S0007', 'SC0269', 1),
('S0008', 'SC0269', 1),
('S0009', 'SC0269', 1),
('S0010', 'SC0269', 1),
('S0011', 'SC0269', 1),
('S0012', 'SC0269', 1),
('S0001', 'SC0270', 1),
('S0002', 'SC0270', 1),
('S0003', 'SC0270', 1),
('S0004', 'SC0270', 1),
('S0005', 'SC0270', 1),
('S0006', 'SC0270', 1),
('S0007', 'SC0270', 1),
('S0008', 'SC0270', 1),
('S0009', 'SC0270', 1),
('S0010', 'SC0270', 1),
('S0011', 'SC0270', 1),
('S0012', 'SC0270', 1),
('S0001', 'SC0271', 1),
('S0002', 'SC0271', 1),
('S0003', 'SC0271', 1),
('S0004', 'SC0271', 1),
('S0005', 'SC0271', 1),
('S0006', 'SC0271', 1),
('S0007', 'SC0271', 1),
('S0008', 'SC0271', 1),
('S0009', 'SC0271', 1),
('S0010', 'SC0271', 1),
('S0011', 'SC0271', 1),
('S0012', 'SC0271', 1),
('S0001', 'SC0272', 1),
('S0002', 'SC0272', 1),
('S0003', 'SC0272', 1),
('S0004', 'SC0272', 1),
('S0005', 'SC0272', 1),
('S0006', 'SC0272', 1),
('S0007', 'SC0272', 1),
('S0008', 'SC0272', 1),
('S0009', 'SC0272', 1),
('S0010', 'SC0272', 1),
('S0011', 'SC0272', 1),
('S0012', 'SC0272', 1),
('S0001', 'SC0273', 1),
('S0002', 'SC0273', 1),
('S0003', 'SC0273', 1),
('S0004', 'SC0273', 1),
('S0005', 'SC0273', 1),
('S0006', 'SC0273', 1),
('S0007', 'SC0273', 1),
('S0008', 'SC0273', 1),
('S0009', 'SC0273', 1),
('S0010', 'SC0273', 1),
('S0011', 'SC0273', 1),
('S0012', 'SC0273', 1),
('S0001', 'SC0274', 1),
('S0002', 'SC0274', 1),
('S0003', 'SC0274', 1),
('S0004', 'SC0274', 1),
('S0005', 'SC0274', 1),
('S0006', 'SC0274', 1),
('S0007', 'SC0274', 1),
('S0008', 'SC0274', 1),
('S0009', 'SC0274', 1),
('S0010', 'SC0274', 1),
('S0011', 'SC0274', 1),
('S0012', 'SC0274', 1),
('S0001', 'SC0275', 1),
('S0002', 'SC0275', 1),
('S0003', 'SC0275', 1),
('S0004', 'SC0275', 1),
('S0005', 'SC0275', 1),
('S0006', 'SC0275', 1),
('S0007', 'SC0275', 1),
('S0008', 'SC0275', 1),
('S0009', 'SC0275', 1),
('S0010', 'SC0275', 1),
('S0011', 'SC0275', 1),
('S0012', 'SC0275', 1),
('S0001', 'SC0276', 1),
('S0002', 'SC0276', 1),
('S0003', 'SC0276', 1),
('S0004', 'SC0276', 1),
('S0005', 'SC0276', 1),
('S0006', 'SC0276', 1),
('S0007', 'SC0276', 1),
('S0008', 'SC0276', 1),
('S0009', 'SC0276', 1),
('S0010', 'SC0276', 1),
('S0011', 'SC0276', 1),
('S0012', 'SC0276', 1),
('S0001', 'SC0277', 1),
('S0002', 'SC0277', 1),
('S0003', 'SC0277', 1),
('S0004', 'SC0277', 1),
('S0005', 'SC0277', 1),
('S0006', 'SC0277', 1),
('S0007', 'SC0277', 1),
('S0008', 'SC0277', 1),
('S0009', 'SC0277', 1),
('S0010', 'SC0277', 1),
('S0011', 'SC0277', 1),
('S0012', 'SC0277', 1),
('S0001', 'SC0278', 1),
('S0002', 'SC0278', 1),
('S0003', 'SC0278', 1),
('S0004', 'SC0278', 1),
('S0005', 'SC0278', 1),
('S0006', 'SC0278', 1),
('S0007', 'SC0278', 1),
('S0008', 'SC0278', 1),
('S0009', 'SC0278', 1),
('S0010', 'SC0278', 1),
('S0011', 'SC0278', 1),
('S0012', 'SC0278', 1),
('S0001', 'SC0279', 1),
('S0002', 'SC0279', 1),
('S0003', 'SC0279', 1),
('S0004', 'SC0279', 1),
('S0005', 'SC0279', 1),
('S0006', 'SC0279', 1),
('S0007', 'SC0279', 1),
('S0008', 'SC0279', 1),
('S0009', 'SC0279', 1),
('S0010', 'SC0279', 1),
('S0011', 'SC0279', 1),
('S0012', 'SC0279', 1),
('S0001', 'SC0280', 1),
('S0002', 'SC0280', 1),
('S0003', 'SC0280', 1),
('S0004', 'SC0280', 1),
('S0005', 'SC0280', 1),
('S0006', 'SC0280', 1),
('S0007', 'SC0280', 1),
('S0008', 'SC0280', 1),
('S0009', 'SC0280', 1),
('S0010', 'SC0280', 1),
('S0011', 'SC0280', 1),
('S0012', 'SC0280', 1),
('S0001', 'SC0281', 1),
('S0002', 'SC0281', 1),
('S0003', 'SC0281', 1),
('S0004', 'SC0281', 1),
('S0005', 'SC0281', 1),
('S0006', 'SC0281', 1),
('S0007', 'SC0281', 1),
('S0008', 'SC0281', 1),
('S0009', 'SC0281', 1),
('S0010', 'SC0281', 1),
('S0011', 'SC0281', 1),
('S0012', 'SC0281', 1),
('S0001', 'SC0282', 1),
('S0002', 'SC0282', 1),
('S0003', 'SC0282', 1),
('S0004', 'SC0282', 1),
('S0005', 'SC0282', 1),
('S0006', 'SC0282', 1),
('S0007', 'SC0282', 1),
('S0008', 'SC0282', 1),
('S0009', 'SC0282', 1),
('S0010', 'SC0282', 1),
('S0011', 'SC0282', 1),
('S0012', 'SC0282', 1),
('S0001', 'SC0283', 1),
('S0002', 'SC0283', 1),
('S0003', 'SC0283', 1),
('S0004', 'SC0283', 1),
('S0005', 'SC0283', 1),
('S0006', 'SC0283', 1),
('S0007', 'SC0283', 1),
('S0008', 'SC0283', 1),
('S0009', 'SC0283', 1),
('S0010', 'SC0283', 1),
('S0011', 'SC0283', 1),
('S0012', 'SC0283', 1),
('S0001', 'SC0284', 1),
('S0002', 'SC0284', 1),
('S0003', 'SC0284', 1),
('S0004', 'SC0284', 1),
('S0005', 'SC0284', 1),
('S0006', 'SC0284', 1),
('S0007', 'SC0284', 1),
('S0008', 'SC0284', 1),
('S0009', 'SC0284', 1),
('S0010', 'SC0284', 1),
('S0011', 'SC0284', 1),
('S0012', 'SC0284', 1),
('S0001', 'SC0285', 1),
('S0002', 'SC0285', 1),
('S0003', 'SC0285', 1),
('S0004', 'SC0285', 1),
('S0005', 'SC0285', 1),
('S0006', 'SC0285', 1),
('S0007', 'SC0285', 1),
('S0008', 'SC0285', 1),
('S0009', 'SC0285', 1),
('S0010', 'SC0285', 1),
('S0011', 'SC0285', 1),
('S0012', 'SC0285', 1),
('S0001', 'SC0286', 1),
('S0002', 'SC0286', 1),
('S0003', 'SC0286', 1),
('S0004', 'SC0286', 1),
('S0005', 'SC0286', 1),
('S0006', 'SC0286', 1),
('S0007', 'SC0286', 1),
('S0008', 'SC0286', 1),
('S0009', 'SC0286', 1),
('S0010', 'SC0286', 1),
('S0011', 'SC0286', 1),
('S0012', 'SC0286', 1),
('S0001', 'SC0287', 1),
('S0002', 'SC0287', 1),
('S0003', 'SC0287', 1),
('S0004', 'SC0287', 1),
('S0005', 'SC0287', 1),
('S0006', 'SC0287', 1),
('S0007', 'SC0287', 1),
('S0008', 'SC0287', 1),
('S0009', 'SC0287', 1),
('S0010', 'SC0287', 1),
('S0011', 'SC0287', 1),
('S0012', 'SC0287', 1),
('S0001', 'SC0288', 1),
('S0002', 'SC0288', 1),
('S0003', 'SC0288', 1),
('S0004', 'SC0288', 1),
('S0005', 'SC0288', 1),
('S0006', 'SC0288', 1),
('S0007', 'SC0288', 1),
('S0008', 'SC0288', 1),
('S0009', 'SC0288', 1),
('S0010', 'SC0288', 1),
('S0011', 'SC0288', 1),
('S0012', 'SC0288', 1),
('S0001', 'SC0289', 1),
('S0002', 'SC0289', 1),
('S0003', 'SC0289', 1),
('S0004', 'SC0289', 1),
('S0005', 'SC0289', 1),
('S0006', 'SC0289', 1),
('S0007', 'SC0289', 1),
('S0008', 'SC0289', 1),
('S0009', 'SC0289', 1),
('S0010', 'SC0289', 1),
('S0011', 'SC0289', 1),
('S0012', 'SC0289', 1),
('S0001', 'SC0290', 1),
('S0002', 'SC0290', 1),
('S0003', 'SC0290', 1),
('S0004', 'SC0290', 1),
('S0005', 'SC0290', 1),
('S0006', 'SC0290', 1),
('S0007', 'SC0290', 1),
('S0008', 'SC0290', 1),
('S0009', 'SC0290', 1),
('S0010', 'SC0290', 1),
('S0011', 'SC0290', 1),
('S0012', 'SC0290', 1),
('S0001', 'SC0291', 1),
('S0002', 'SC0291', 1),
('S0003', 'SC0291', 1),
('S0004', 'SC0291', 1),
('S0005', 'SC0291', 1),
('S0006', 'SC0291', 1),
('S0007', 'SC0291', 1),
('S0008', 'SC0291', 1),
('S0009', 'SC0291', 1),
('S0010', 'SC0291', 1),
('S0011', 'SC0291', 1),
('S0012', 'SC0291', 1),
('S0001', 'SC0292', 1),
('S0002', 'SC0292', 1),
('S0003', 'SC0292', 1),
('S0004', 'SC0292', 1),
('S0005', 'SC0292', 1),
('S0006', 'SC0292', 1),
('S0007', 'SC0292', 1),
('S0008', 'SC0292', 1),
('S0009', 'SC0292', 1),
('S0010', 'SC0292', 1),
('S0011', 'SC0292', 1),
('S0012', 'SC0292', 1),
('S0001', 'SC0293', 1),
('S0002', 'SC0293', 1),
('S0003', 'SC0293', 1),
('S0004', 'SC0293', 1),
('S0005', 'SC0293', 1),
('S0006', 'SC0293', 1),
('S0007', 'SC0293', 1),
('S0008', 'SC0293', 1),
('S0009', 'SC0293', 1),
('S0010', 'SC0293', 1),
('S0011', 'SC0293', 1),
('S0012', 'SC0293', 1),
('S0001', 'SC0294', 1),
('S0002', 'SC0294', 1),
('S0003', 'SC0294', 1),
('S0004', 'SC0294', 1),
('S0005', 'SC0294', 1),
('S0006', 'SC0294', 1),
('S0007', 'SC0294', 1),
('S0008', 'SC0294', 1),
('S0009', 'SC0294', 1),
('S0010', 'SC0294', 1),
('S0011', 'SC0294', 1),
('S0012', 'SC0294', 1),
('S0001', 'SC0295', 1),
('S0002', 'SC0295', 1),
('S0003', 'SC0295', 1),
('S0004', 'SC0295', 1),
('S0005', 'SC0295', 1),
('S0006', 'SC0295', 1),
('S0007', 'SC0295', 1),
('S0008', 'SC0295', 1),
('S0009', 'SC0295', 1),
('S0010', 'SC0295', 1),
('S0011', 'SC0295', 1),
('S0012', 'SC0295', 1),
('S0001', 'SC0296', 1),
('S0002', 'SC0296', 1),
('S0003', 'SC0296', 1),
('S0004', 'SC0296', 1),
('S0005', 'SC0296', 1),
('S0006', 'SC0296', 1),
('S0007', 'SC0296', 1),
('S0008', 'SC0296', 1),
('S0009', 'SC0296', 1),
('S0010', 'SC0296', 1),
('S0011', 'SC0296', 1),
('S0012', 'SC0296', 1),
('S0001', 'SC0297', 1),
('S0002', 'SC0297', 1),
('S0003', 'SC0297', 1),
('S0004', 'SC0297', 1),
('S0005', 'SC0297', 1),
('S0006', 'SC0297', 1),
('S0007', 'SC0297', 1),
('S0008', 'SC0297', 1),
('S0009', 'SC0297', 1),
('S0010', 'SC0297', 1),
('S0011', 'SC0297', 1),
('S0012', 'SC0297', 1),
('S0001', 'SC0298', 1),
('S0002', 'SC0298', 1),
('S0003', 'SC0298', 1),
('S0004', 'SC0298', 1),
('S0005', 'SC0298', 1),
('S0006', 'SC0298', 1),
('S0007', 'SC0298', 1),
('S0008', 'SC0298', 1),
('S0009', 'SC0298', 1),
('S0010', 'SC0298', 1),
('S0011', 'SC0298', 1),
('S0012', 'SC0298', 1),
('S0001', 'SC0299', 1),
('S0002', 'SC0299', 1),
('S0003', 'SC0299', 1),
('S0004', 'SC0299', 1),
('S0005', 'SC0299', 1),
('S0006', 'SC0299', 1),
('S0007', 'SC0299', 1),
('S0008', 'SC0299', 1),
('S0009', 'SC0299', 1),
('S0010', 'SC0299', 1),
('S0011', 'SC0299', 1),
('S0012', 'SC0299', 1),
('S0001', 'SC0300', 1),
('S0002', 'SC0300', 1),
('S0003', 'SC0300', 1),
('S0004', 'SC0300', 1),
('S0005', 'SC0300', 1),
('S0006', 'SC0300', 1),
('S0007', 'SC0300', 1),
('S0008', 'SC0300', 1),
('S0009', 'SC0300', 1),
('S0010', 'SC0300', 1),
('S0011', 'SC0300', 1),
('S0012', 'SC0300', 1),
('S0001', 'SC0301', 1),
('S0002', 'SC0301', 1),
('S0003', 'SC0301', 1),
('S0004', 'SC0301', 1),
('S0005', 'SC0301', 1),
('S0006', 'SC0301', 1),
('S0007', 'SC0301', 1),
('S0008', 'SC0301', 1),
('S0009', 'SC0301', 1),
('S0010', 'SC0301', 1),
('S0011', 'SC0301', 1),
('S0012', 'SC0301', 1),
('S0001', 'SC0302', 1),
('S0002', 'SC0302', 1),
('S0003', 'SC0302', 1),
('S0004', 'SC0302', 1),
('S0005', 'SC0302', 1),
('S0006', 'SC0302', 1),
('S0007', 'SC0302', 1),
('S0008', 'SC0302', 1),
('S0009', 'SC0302', 1),
('S0010', 'SC0302', 1),
('S0011', 'SC0302', 1),
('S0012', 'SC0302', 1),
('S0001', 'SC0303', 1),
('S0002', 'SC0303', 1),
('S0003', 'SC0303', 1),
('S0004', 'SC0303', 1),
('S0005', 'SC0303', 1),
('S0006', 'SC0303', 1),
('S0007', 'SC0303', 1),
('S0008', 'SC0303', 1),
('S0009', 'SC0303', 1),
('S0010', 'SC0303', 1),
('S0011', 'SC0303', 1),
('S0012', 'SC0303', 1),
('S0001', 'SC0304', 1),
('S0002', 'SC0304', 1),
('S0003', 'SC0304', 1),
('S0004', 'SC0304', 1),
('S0005', 'SC0304', 1),
('S0006', 'SC0304', 1),
('S0007', 'SC0304', 1),
('S0008', 'SC0304', 1),
('S0009', 'SC0304', 1),
('S0010', 'SC0304', 1),
('S0011', 'SC0304', 1),
('S0012', 'SC0304', 1),
('S0001', 'SC0305', 1),
('S0002', 'SC0305', 1),
('S0003', 'SC0305', 1),
('S0004', 'SC0305', 1),
('S0005', 'SC0305', 1),
('S0006', 'SC0305', 1),
('S0007', 'SC0305', 1),
('S0008', 'SC0305', 1),
('S0009', 'SC0305', 1),
('S0010', 'SC0305', 1),
('S0011', 'SC0305', 1),
('S0012', 'SC0305', 1),
('S0001', 'SC0306', 1),
('S0002', 'SC0306', 1),
('S0003', 'SC0306', 1),
('S0004', 'SC0306', 1),
('S0005', 'SC0306', 1),
('S0006', 'SC0306', 1),
('S0007', 'SC0306', 1),
('S0008', 'SC0306', 1),
('S0009', 'SC0306', 1),
('S0010', 'SC0306', 1),
('S0011', 'SC0306', 1),
('S0012', 'SC0306', 1),
('S0001', 'SC0307', 1),
('S0002', 'SC0307', 1),
('S0003', 'SC0307', 1),
('S0004', 'SC0307', 1),
('S0005', 'SC0307', 1),
('S0006', 'SC0307', 1),
('S0007', 'SC0307', 1),
('S0008', 'SC0307', 1),
('S0009', 'SC0307', 1),
('S0010', 'SC0307', 1),
('S0011', 'SC0307', 1),
('S0012', 'SC0307', 1),
('S0001', 'SC0308', 1),
('S0002', 'SC0308', 1),
('S0003', 'SC0308', 1),
('S0004', 'SC0308', 1),
('S0005', 'SC0308', 1),
('S0006', 'SC0308', 1),
('S0007', 'SC0308', 1),
('S0008', 'SC0308', 1),
('S0009', 'SC0308', 1),
('S0010', 'SC0308', 1),
('S0011', 'SC0308', 1),
('S0012', 'SC0308', 1),
('S0001', 'SC0309', 1),
('S0002', 'SC0309', 1),
('S0003', 'SC0309', 1),
('S0004', 'SC0309', 1),
('S0005', 'SC0309', 1),
('S0006', 'SC0309', 1),
('S0007', 'SC0309', 1),
('S0008', 'SC0309', 1),
('S0009', 'SC0309', 1),
('S0010', 'SC0309', 1),
('S0011', 'SC0309', 1),
('S0012', 'SC0309', 1),
('S0001', 'SC0310', 1),
('S0002', 'SC0310', 1),
('S0003', 'SC0310', 1),
('S0004', 'SC0310', 1),
('S0005', 'SC0310', 1),
('S0006', 'SC0310', 1),
('S0007', 'SC0310', 1),
('S0008', 'SC0310', 1),
('S0009', 'SC0310', 1),
('S0010', 'SC0310', 1),
('S0011', 'SC0310', 1),
('S0012', 'SC0310', 1),
('S0001', 'SC0311', 1),
('S0002', 'SC0311', 1),
('S0003', 'SC0311', 1),
('S0004', 'SC0311', 1),
('S0005', 'SC0311', 1),
('S0006', 'SC0311', 1),
('S0007', 'SC0311', 1),
('S0008', 'SC0311', 1),
('S0009', 'SC0311', 1),
('S0010', 'SC0311', 1),
('S0011', 'SC0311', 1),
('S0012', 'SC0311', 1),
('S0001', 'SC0312', 1),
('S0002', 'SC0312', 1),
('S0003', 'SC0312', 1),
('S0004', 'SC0312', 1),
('S0005', 'SC0312', 1),
('S0006', 'SC0312', 1),
('S0007', 'SC0312', 1),
('S0008', 'SC0312', 1),
('S0009', 'SC0312', 1),
('S0010', 'SC0312', 1),
('S0011', 'SC0312', 1),
('S0012', 'SC0312', 1),
('S0001', 'SC0313', 1),
('S0002', 'SC0313', 1),
('S0003', 'SC0313', 1),
('S0004', 'SC0313', 1),
('S0005', 'SC0313', 1),
('S0006', 'SC0313', 1),
('S0007', 'SC0313', 1),
('S0008', 'SC0313', 1),
('S0009', 'SC0313', 1),
('S0010', 'SC0313', 1),
('S0011', 'SC0313', 1),
('S0012', 'SC0313', 1),
('S0001', 'SC0314', 1),
('S0002', 'SC0314', 1),
('S0003', 'SC0314', 1),
('S0004', 'SC0314', 1),
('S0005', 'SC0314', 1),
('S0006', 'SC0314', 1),
('S0007', 'SC0314', 1),
('S0008', 'SC0314', 1),
('S0009', 'SC0314', 1),
('S0010', 'SC0314', 1),
('S0011', 'SC0314', 1),
('S0012', 'SC0314', 1),
('S0001', 'SC0315', 1),
('S0002', 'SC0315', 1),
('S0003', 'SC0315', 1),
('S0004', 'SC0315', 1),
('S0005', 'SC0315', 1),
('S0006', 'SC0315', 1),
('S0007', 'SC0315', 1),
('S0008', 'SC0315', 1),
('S0009', 'SC0315', 1),
('S0010', 'SC0315', 1),
('S0011', 'SC0315', 1),
('S0012', 'SC0315', 1),
('S0001', 'SC0316', 1),
('S0002', 'SC0316', 1),
('S0003', 'SC0316', 1),
('S0004', 'SC0316', 1),
('S0005', 'SC0316', 1),
('S0006', 'SC0316', 1),
('S0007', 'SC0316', 1),
('S0008', 'SC0316', 1),
('S0009', 'SC0316', 1),
('S0010', 'SC0316', 1),
('S0011', 'SC0316', 1),
('S0012', 'SC0316', 1),
('S0001', 'SC0317', 1),
('S0002', 'SC0317', 1),
('S0003', 'SC0317', 1),
('S0004', 'SC0317', 1),
('S0005', 'SC0317', 1),
('S0006', 'SC0317', 1),
('S0007', 'SC0317', 1),
('S0008', 'SC0317', 1),
('S0009', 'SC0317', 1),
('S0010', 'SC0317', 1),
('S0011', 'SC0317', 1),
('S0012', 'SC0317', 1),
('S0001', 'SC0318', 1),
('S0002', 'SC0318', 1),
('S0003', 'SC0318', 1),
('S0004', 'SC0318', 1),
('S0005', 'SC0318', 1),
('S0006', 'SC0318', 1),
('S0007', 'SC0318', 1),
('S0008', 'SC0318', 1),
('S0009', 'SC0318', 1),
('S0010', 'SC0318', 1),
('S0011', 'SC0318', 1),
('S0012', 'SC0318', 1),
('S0001', 'SC0319', 1),
('S0002', 'SC0319', 1),
('S0003', 'SC0319', 1),
('S0004', 'SC0319', 1),
('S0005', 'SC0319', 1),
('S0006', 'SC0319', 1),
('S0007', 'SC0319', 1),
('S0008', 'SC0319', 1),
('S0009', 'SC0319', 1),
('S0010', 'SC0319', 1),
('S0011', 'SC0319', 1),
('S0012', 'SC0319', 1),
('S0001', 'SC0320', 1),
('S0002', 'SC0320', 1),
('S0003', 'SC0320', 1),
('S0004', 'SC0320', 1),
('S0005', 'SC0320', 1),
('S0006', 'SC0320', 1),
('S0007', 'SC0320', 1),
('S0008', 'SC0320', 1),
('S0009', 'SC0320', 1),
('S0010', 'SC0320', 1),
('S0011', 'SC0320', 1),
('S0012', 'SC0320', 1),
('S0001', 'SC0321', 1),
('S0002', 'SC0321', 1),
('S0003', 'SC0321', 1),
('S0004', 'SC0321', 1),
('S0005', 'SC0321', 1),
('S0006', 'SC0321', 1),
('S0007', 'SC0321', 1),
('S0008', 'SC0321', 1),
('S0009', 'SC0321', 1),
('S0010', 'SC0321', 1),
('S0011', 'SC0321', 1),
('S0012', 'SC0321', 1),
('S0001', 'SC0322', 1),
('S0002', 'SC0322', 1),
('S0003', 'SC0322', 1),
('S0004', 'SC0322', 1),
('S0005', 'SC0322', 1),
('S0006', 'SC0322', 1),
('S0007', 'SC0322', 1),
('S0008', 'SC0322', 1),
('S0009', 'SC0322', 1),
('S0010', 'SC0322', 1),
('S0011', 'SC0322', 1),
('S0012', 'SC0322', 1),
('S0001', 'SC0323', 1),
('S0002', 'SC0323', 1),
('S0003', 'SC0323', 1),
('S0004', 'SC0323', 1),
('S0005', 'SC0323', 1),
('S0006', 'SC0323', 1),
('S0007', 'SC0323', 1),
('S0008', 'SC0323', 1),
('S0009', 'SC0323', 1),
('S0010', 'SC0323', 1),
('S0011', 'SC0323', 1),
('S0012', 'SC0323', 1),
('S0001', 'SC0324', 1),
('S0002', 'SC0324', 1),
('S0003', 'SC0324', 1),
('S0004', 'SC0324', 1),
('S0005', 'SC0324', 1),
('S0006', 'SC0324', 1),
('S0007', 'SC0324', 1),
('S0008', 'SC0324', 1),
('S0009', 'SC0324', 1),
('S0010', 'SC0324', 1),
('S0011', 'SC0324', 1),
('S0012', 'SC0324', 1),
('S0001', 'SC0325', 1),
('S0002', 'SC0325', 1),
('S0003', 'SC0325', 1),
('S0004', 'SC0325', 1),
('S0005', 'SC0325', 1),
('S0006', 'SC0325', 1),
('S0007', 'SC0325', 1),
('S0008', 'SC0325', 1),
('S0009', 'SC0325', 1),
('S0010', 'SC0325', 1),
('S0011', 'SC0325', 1),
('S0012', 'SC0325', 1),
('S0001', 'SC0326', 1),
('S0002', 'SC0326', 1),
('S0003', 'SC0326', 1),
('S0004', 'SC0326', 1),
('S0005', 'SC0326', 1),
('S0006', 'SC0326', 1),
('S0007', 'SC0326', 1),
('S0008', 'SC0326', 1),
('S0009', 'SC0326', 1),
('S0010', 'SC0326', 1),
('S0011', 'SC0326', 1),
('S0012', 'SC0326', 1),
('S0001', 'SC0327', 1),
('S0002', 'SC0327', 1),
('S0003', 'SC0327', 1),
('S0004', 'SC0327', 1),
('S0005', 'SC0327', 1),
('S0006', 'SC0327', 1),
('S0007', 'SC0327', 1),
('S0008', 'SC0327', 1),
('S0009', 'SC0327', 1),
('S0010', 'SC0327', 1),
('S0011', 'SC0327', 1),
('S0012', 'SC0327', 1),
('S0001', 'SC0328', 1),
('S0002', 'SC0328', 1),
('S0003', 'SC0328', 1),
('S0004', 'SC0328', 1),
('S0005', 'SC0328', 1),
('S0006', 'SC0328', 1),
('S0007', 'SC0328', 1),
('S0008', 'SC0328', 1),
('S0009', 'SC0328', 1),
('S0010', 'SC0328', 1),
('S0011', 'SC0328', 1),
('S0012', 'SC0328', 1),
('S0001', 'SC0329', 1),
('S0002', 'SC0329', 1),
('S0003', 'SC0329', 1),
('S0004', 'SC0329', 1),
('S0005', 'SC0329', 1),
('S0006', 'SC0329', 1),
('S0007', 'SC0329', 1),
('S0008', 'SC0329', 1),
('S0009', 'SC0329', 1),
('S0010', 'SC0329', 1),
('S0011', 'SC0329', 1),
('S0012', 'SC0329', 1),
('S0001', 'SC0330', 1),
('S0002', 'SC0330', 1),
('S0003', 'SC0330', 1),
('S0004', 'SC0330', 1),
('S0005', 'SC0330', 1),
('S0006', 'SC0330', 1),
('S0007', 'SC0330', 1),
('S0008', 'SC0330', 1),
('S0009', 'SC0330', 1),
('S0010', 'SC0330', 1),
('S0011', 'SC0330', 1),
('S0012', 'SC0330', 1),
('S0001', 'SC0331', 1),
('S0002', 'SC0331', 1),
('S0003', 'SC0331', 1),
('S0004', 'SC0331', 1),
('S0005', 'SC0331', 1),
('S0006', 'SC0331', 1),
('S0007', 'SC0331', 1),
('S0008', 'SC0331', 1),
('S0009', 'SC0331', 1),
('S0010', 'SC0331', 1),
('S0011', 'SC0331', 1),
('S0012', 'SC0331', 1),
('S0001', 'SC0332', 1),
('S0002', 'SC0332', 1),
('S0003', 'SC0332', 1),
('S0004', 'SC0332', 1),
('S0005', 'SC0332', 1),
('S0006', 'SC0332', 1),
('S0007', 'SC0332', 1),
('S0008', 'SC0332', 1),
('S0009', 'SC0332', 1),
('S0010', 'SC0332', 1),
('S0011', 'SC0332', 1),
('S0012', 'SC0332', 1),
('S0001', 'SC0333', 1),
('S0002', 'SC0333', 1),
('S0003', 'SC0333', 1),
('S0004', 'SC0333', 1),
('S0005', 'SC0333', 1),
('S0006', 'SC0333', 1),
('S0007', 'SC0333', 1),
('S0008', 'SC0333', 1),
('S0009', 'SC0333', 1),
('S0010', 'SC0333', 1),
('S0011', 'SC0333', 1),
('S0012', 'SC0333', 1),
('S0001', 'SC0334', 1),
('S0002', 'SC0334', 1),
('S0003', 'SC0334', 1),
('S0004', 'SC0334', 1),
('S0005', 'SC0334', 1),
('S0006', 'SC0334', 1),
('S0007', 'SC0334', 1),
('S0008', 'SC0334', 1),
('S0009', 'SC0334', 1),
('S0010', 'SC0334', 1),
('S0011', 'SC0334', 1),
('S0012', 'SC0334', 1),
('S0001', 'SC0335', 1),
('S0002', 'SC0335', 1),
('S0003', 'SC0335', 1),
('S0004', 'SC0335', 1),
('S0005', 'SC0335', 1),
('S0006', 'SC0335', 1),
('S0007', 'SC0335', 1),
('S0008', 'SC0335', 1),
('S0009', 'SC0335', 1),
('S0010', 'SC0335', 1),
('S0011', 'SC0335', 1),
('S0012', 'SC0335', 1),
('S0001', 'SC0336', 1),
('S0002', 'SC0336', 1),
('S0003', 'SC0336', 1),
('S0004', 'SC0336', 1),
('S0005', 'SC0336', 1),
('S0006', 'SC0336', 1),
('S0007', 'SC0336', 1),
('S0008', 'SC0336', 1),
('S0009', 'SC0336', 1),
('S0010', 'SC0336', 1),
('S0011', 'SC0336', 1),
('S0012', 'SC0336', 1);

-- --------------------------------------------------------

--
-- Table structure for table `ticket`
--

CREATE TABLE IF NOT EXISTS `ticket` (
  `tno` char(6) NOT NULL,
  `tdate` date DEFAULT NULL,
  `cost` int(11) NOT NULL,
  `paymentid` char(16) NOT NULL,
  `paymentsrc` varchar(50) DEFAULT NULL,
  `cid` char(6) NOT NULL,
  `scid` char(6) NOT NULL,
  `seatno` char(6) NOT NULL,
  UNIQUE KEY `tno` (`tno`,`paymentid`),
  KEY `cid` (`cid`,`scid`,`seatno`),
  KEY `sid` (`scid`),
  KEY `seatno` (`seatno`)
) ENGINE=InnoDB DEFAULT CHARSET=latin1;

--
-- Triggers `ticket`
--
DROP TRIGGER IF EXISTS `airjetdb`.`bookavail`;
DELIMITER //
CREATE TRIGGER `airjetdb`.`bookavail` BEFORE INSERT ON `airjetdb`.`ticket`
 FOR EACH ROW BEGIN
    UPDATE seatschedule SET avail = 0 WHERE seatschedule.seatno = NEW.seatno AND sid = NEW.scid AND seatschedule.avail =1 ;
    UPDATE bank SET balance=balance-NEW.cost WHERE cardno=NEW.paymentid;
    END
//
DELIMITER ;
DROP TRIGGER IF EXISTS `airjetdb`.`cancel`;
DELIMITER //
CREATE TRIGGER `airjetdb`.`cancel` BEFORE DELETE ON `airjetdb`.`ticket`
 FOR EACH ROW BEGIN
    UPDATE seatschedule SET avail = 1 WHERE seatschedule.seatno = OLD.seatno AND sid = OLD.scid AND seatschedule.avail =0 ;
    UPDATE bank SET balance=balance+OLD.cost WHERE cardno=OLD.paymentid;
    END
//
DELIMITER ;

--
-- Dumping data for table `ticket`
--

INSERT INTO `ticket` (`tno`, `tdate`, `cost`, `paymentid`, `paymentsrc`, `cid`, `scid`, `seatno`) VALUES
('T00000', '2023-05-18', 8100, '1111111111111111', 'UPI', 'C00000', 'SC0169', 'S0001'),
('T00001', '2023-05-18', 8100, '1111111111111111', 'UPI', 'C00000', 'SC0169', 'S0002'),
('T00002', '2023-05-18', 6100, '1111111111111111', 'UPI', 'C00000', 'SC0169', 'S0003'),
('T00003', '2023-05-18', 8100, '1111111111111111', 'UPI', 'C00000', 'SC0177', 'S0001'),
('T00004', '2023-05-18', 8100, '1111111111111111', 'UPI', 'C00000', 'SC0177', 'S0002'),
('T00005', '2023-05-18', 6100, '1111111111111111', 'UPI', 'C00000', 'SC0177', 'S0003'),
('T00006', '2023-05-18', 6100, '1111111111111111', 'UPI', 'C00000', 'SC0169', 'S0004'),
('T00007', '2023-05-18', 6100, '1111111111111111', 'UPI', 'C00000', 'SC0169', 'S0005'),
('T00008', '2023-05-18', 6100, '1111111111111111', 'UPI', 'C00000', 'SC0169', 'S0006'),
('T00009', '2023-05-18', 5100, '1111111111111111', 'UPI', 'C00000', 'SC0169', 'S0007'),
('T00010', '2023-05-18', 5100, '1111111111111111', 'UPI', 'C00000', 'SC0169', 'S0008'),
('T00011', '2023-05-19', 8100, '1111111111111111', 'UPI', 'C00006', 'SC0197', 'S0001'),
('T00012', '2023-05-19', 8100, '1111111111111111', 'UPI', 'C00006', 'SC0197', 'S0002'),
('T00013', '2023-05-19', 6100, '1111111111111111', 'UPI', 'C00006', 'SC0197', 'S0003'),
('T00014', '2023-05-19', 6100, '1111111111111111', 'UPI', 'C00006', 'SC0197', 'S0004');

-- --------------------------------------------------------

--
-- Table structure for table `tp`
--

CREATE TABLE IF NOT EXISTS `tp` (
  `f` int(11) NOT NULL,
  `g` int(11) NOT NULL
) ENGINE=InnoDB DEFAULT CHARSET=latin1;

--
-- Dumping data for table `tp`
--


--
-- Constraints for dumped tables
--

--
-- Constraints for table `fclass`
--
ALTER TABLE `fclass`
  ADD CONSTRAINT `fclass_ibfk_1` FOREIGN KEY (`fid`) REFERENCES `flight` (`fid`),
  ADD CONSTRAINT `fclass_ibfk_2` FOREIGN KEY (`classid`) REFERENCES `class` (`classid`);

--
-- Constraints for table `flight`
--
ALTER TABLE `flight`
  ADD CONSTRAINT `flight_ibfk_1` FOREIGN KEY (`from`) REFERENCES `airport` (`aid`),
  ADD CONSTRAINT `flight_ibfk_2` FOREIGN KEY (`to`) REFERENCES `airport` (`aid`);

--
-- Constraints for table `seat`
--
ALTER TABLE `seat`
  ADD CONSTRAINT `seat_ibfk_1` FOREIGN KEY (`classid`) REFERENCES `class` (`classid`);

--
-- Constraints for table `ticket`
--
ALTER TABLE `ticket`
  ADD CONSTRAINT `ticket_ibfk_1` FOREIGN KEY (`cid`) REFERENCES `customer` (`cid`),
  ADD CONSTRAINT `ticket_ibfk_5` FOREIGN KEY (`seatno`) REFERENCES `seat` (`seatno`);
