Flight

INSERT INTO `airjetdb`.`flight` (
`fid` ,
`no of seats` ,
`from` ,
`to` ,
`terminal`
)
VALUES 
('F0001', '20', 'A001', 'A002', '1'),
('F0002', '20', 'A001', 'A006', '1'),
('F0003', '20', 'A001', 'A007', '1'),
('F0004', '20', 'A001', 'A003', '1'),
('F0005', '20', 'A002', 'A003', '1'),
('F0006', '20', 'A002', 'A006', '1'),
('F0007', '20', 'A002', 'A001', '1'),
('F0008', '20', 'A003', 'A001', '1'),
('F0009', '20', 'A003', 'A002', '1'),
('F0010', '20', 'A003', 'A006', '1'),
('F0011', '20', 'A003', 'A004', '1'),
('F0012', '20', 'A003', 'A005', '1'),
('F0013', '20', 'A004', 'A003', '1'),
('F0014', '20', 'A004', 'A005', '1'),
('F0015', '20', 'A004', 'A006', '1'),
('F0016', '20', 'A005', 'A004', '1'),
('F0017', '20', 'A005', 'A003', '1'),
('F0018', '20', 'A005', 'A006', '1'),
('F0019', '20', 'A005', 'A007', '1'),
('F0020', '20', 'A006', 'A001', '1'),
('F0021', '20', 'A006', 'A005', '1'),
('F0022', '20', 'A006', 'A004', '1'),
('F0023', '20', 'A006', 'A003', '1'),
('F0024', '20', 'A006', 'A002', '1'),
('F0025', '20', 'A006', 'A007', '1'),
('F0026', '20', 'A007', 'A001', '1'),
('F0027', '20', 'A007', 'A006', '1'),
('F0028', '20', 'A007', 'A005', '1')

schedule

INSERT INTO `airjetdb`.`schedule` (
`sid` ,
`dep_date` ,
`dep_time` ,
`arr_date` ,
`arr_time` ,
`fid`
)
VALUES 
('SC0001', '2023-04-30', '06:00:00', '2023-04-30', '07:00:00', 'F0001'),
('SC0002', '2023-04-30', '06:00:00', '2023-04-30', '07:00:00', 'F0002'),
('SC0003', '2023-04-30', '06:00:00', '2023-04-30', '08:00:00', 'F0003'),
('SC0004', '2023-04-30', '08:00:00', '2023-04-30', '10:00:00', 'F0004'),
('SC0005', '2023-04-30', '08:00:00', '2023-04-30', '09:00:00', 'F0005'),
('SC0006', '2023-04-30', '08:00:00', '2023-04-30', '09:00:00', 'F0006'),
('SC0007', '2023-04-30', '21:00:00', '2023-04-30', '22:00:00', 'F0007'),
('SC0008', '2023-04-30', '20:00:00', '2023-04-30', '22:00:00', 'F0008'),
('SC0009', '2023-04-30', '19:00:00', '2023-04-30', '20:00:00', 'F0009'),
('SC0010', '2023-04-30', '10:00:00', '2023-04-30', '11:00:00', 'F0010'),
('SC0011', '2023-04-30', '11:00:00', '2023-04-30', '12:00:00', 'F0011'),
('SC0012', '2023-04-30', '11:00:00', '2023-04-30', '13:00:00', 'F0012'),
('SC0013', '2023-04-30', '17:00:00', '2023-04-30', '18:00:00', 'F0013'),
('SC0014', '2023-04-30', '13:00:00', '2023-04-30', '14:00:00', 'F0014'),
('SC0015', '2023-04-30', '08:00:00', '2023-04-30', '10:00:00', 'F0015'),
('SC0016', '2023-04-30', '15:00:00', '2023-04-30', '16:00:00', 'F0016'),
('SC0017', '2023-04-30', '17:00:00', '2023-04-30', '19:00:00', 'F0017'),
('SC0018', '2023-04-30', '06:00:00', '2023-04-30', '09:00:00', 'F0018'),
('SC0019', '2023-04-30', '14:00:00', '2023-04-30', '17:00:00', 'F0019'),
('SC0020', '2023-04-30', '16:00:00', '2023-04-30', '17:00:00', 'F0020'),
('SC0021', '2023-04-30', '08:00:00', '2023-04-30', '11:00:00', 'F0021'),
('SC0022', '2023-04-30', '12:00:00', '2023-04-30', '14:00:00', 'F0022'),
('SC0023', '2023-04-30', '12:00:00', '2023-04-30', '13:00:00', 'F0023'),
('SC0024', '2023-04-30', '10:00:00', '2023-04-30', '11:00:00', 'F0024'),
('SC0025', '2023-04-30', '13:00:00', '2023-04-30', '14:00:00', 'F0025'),
('SC0026', '2023-04-30', '18:00:00', '2023-04-30', '20:00:00', 'F0026'),
('SC0027', '2023-04-30', '06:00:00', '2023-04-30', '07:00:00', 'F0027'),
('SC0028', '2023-04-30', '09:00:00', '2023-04-30', '12:00:00', 'F0028')

Fclass

INSERT INTO `airjetdb`.`fclass` (
`fid` ,
`classid` ,
`cost`
)
VALUES 
('F0001', 'CLASS1', '8000'),
('F0002', 'CLASS1', '8000'),
('F0003', 'CLASS1', '8000'),
('F0004', 'CLASS1', '8000'),
('F0005', 'CLASS1', '8000'),
('F0006', 'CLASS1', '8000'),
('F0007', 'CLASS1', '8000'),
('F0008', 'CLASS1', '8000'),
('F0009', 'CLASS1', '8000'),
('F0010', 'CLASS1', '8000'),
('F0011', 'CLASS1', '8000'),
('F0012', 'CLASS1', '8000'),
('F0013', 'CLASS1', '8000'),
('F0014', 'CLASS1', '8000'),
('F0015', 'CLASS1', '8000'),
('F0016', 'CLASS1', '8000'),
('F0017', 'CLASS1', '8000'),
('F0018', 'CLASS1', '8000'),
('F0019', 'CLASS1', '8000'),
('F0020', 'CLASS1', '8000'),
('F0021', 'CLASS1', '8000'),
('F0022', 'CLASS1', '8000'),
('F0023', 'CLASS1', '8000'),
('F0024', 'CLASS1', '8000'),
('F0025', 'CLASS1', '8000'),
('F0026', 'CLASS1', '8000'),
('F0027', 'CLASS1', '8000'),
('F0028', 'CLASS1', '8000'),
('F0001', 'CLASS2', '6000'),
('F0002', 'CLASS2', '6000'),
('F0003', 'CLASS2', '6000'),
('F0004', 'CLASS2', '6000'),
('F0005', 'CLASS2', '6000'),
('F0006', 'CLASS2', '6000'),
('F0007', 'CLASS2', '6000'),
('F0008', 'CLASS2', '6000'),
('F0009', 'CLASS2', '6000'),
('F0010', 'CLASS2', '6000'),
('F0011', 'CLASS2', '6000'),
('F0012', 'CLASS2', '6000'),
('F0013', 'CLASS2', '6000'),
('F0014', 'CLASS2', '6000'),
('F0015', 'CLASS2', '6000'),
('F0016', 'CLASS2', '6000'),
('F0017', 'CLASS2', '6000'),
('F0018', 'CLASS2', '6000'),
('F0019', 'CLASS2', '6000'),
('F0020', 'CLASS2', '6000'),
('F0021', 'CLASS2', '6000'),
('F0022', 'CLASS2', '6000'),
('F0023', 'CLASS2', '6000'),
('F0024', 'CLASS2', '6000'),
('F0025', 'CLASS2', '6000'),
('F0026', 'CLASS2', '6000'),
('F0027', 'CLASS2', '6000'),
('F0028', 'CLASS2', '6000'),
('F0001', 'CLASS3', '5000'),
('F0002', 'CLASS3', '5000'),
('F0003', 'CLASS3', '5000'),
('F0004', 'CLASS3', '5000'),
('F0005', 'CLASS3', '5000'),
('F0006', 'CLASS3', '5000'),
('F0007', 'CLASS3', '5000'),
('F0008', 'CLASS3', '5000'),
('F0009', 'CLASS3', '5000'),
('F0010', 'CLASS3', '5000'),
('F0011', 'CLASS3', '5000'),
('F0012', 'CLASS3', '5000'),
('F0013', 'CLASS3', '5000'),
('F0014', 'CLASS3', '5000'),
('F0015', 'CLASS3', '5000'),
('F0016', 'CLASS3', '5000'),
('F0017', 'CLASS3', '5000'),
('F0018', 'CLASS3', '5000'),
('F0019', 'CLASS3', '5000'),
('F0020', 'CLASS3', '5000'),
('F0021', 'CLASS3', '5000'),
('F0022', 'CLASS3', '5000'),
('F0023', 'CLASS3', '5000'),
('F0024', 'CLASS3', '5000'),
('F0025', 'CLASS3', '5000'),
('F0026', 'CLASS3', '5000'),
('F0027', 'CLASS3', '5000'),
('F0028', 'CLASS3', '5000')

seat

INSERT INTO `airjetdb`.`seat` (
`seatno` ,
`aisle` ,
`classid`
)
VALUES 
('S0001', 'rw', 'CLASS1'),
('S0002', 'lw', 'CLASS1'),
('S0003', 'rm', 'CLASS2'),
('S0004', 'lm', 'CLASS2'),
('S0005', 'rw', 'CLASS3'),
('S0006', 'lw', 'CLASS3')

INSERT INTO `airjetdb`.`schedule2` (
`sid` ,
`dep_date` ,
`dep_time` ,
`arr_date` ,
`arr_time` ,
`fid`
)
VALUES 
('SC0001', now(), '06:00:00', now(), '07:00:00', 'F0001'),
('SC0002', now(), '06:00:00', now(), '07:00:00', 'F0002'),
('SC0003', now(), '06:00:00', now(), '08:00:00', 'F0003'),
('SC0004', now(), '08:00:00', now(), '10:00:00', 'F0004'),
('SC0005', now(), '08:00:00', now(), '09:00:00', 'F0005'),
('SC0006', now(), '08:00:00', now(), '09:00:00', 'F0006'),
('SC0007', now(), '21:00:00', now(), '22:00:00', 'F0007'),
('SC0008', now(), '20:00:00', now(), '22:00:00', 'F0008'),
('SC0009', now(), '19:00:00', now(), '20:00:00', 'F0009'),
('SC0010', now(), '10:00:00', now(), '11:00:00', 'F0010'),
('SC0011', now(), '11:00:00', now(), '12:00:00', 'F0011'),
('SC0012', now(), '11:00:00', now(), '13:00:00', 'F0012'),
('SC0013', now(), '17:00:00', now(), '18:00:00', 'F0013'),
('SC0014', now(), '13:00:00', now(), '14:00:00', 'F0014'),
('SC0015', now(), '08:00:00', now(), '10:00:00', 'F0015'),
('SC0016', now(), '15:00:00', now(), '16:00:00', 'F0016'),
('SC0017', now(), '17:00:00', now(), '19:00:00', 'F0017'),
('SC0018', now(), '06:00:00', now(), '09:00:00', 'F0018'),
('SC0019', now(), '14:00:00', now(), '17:00:00', 'F0019'),
('SC0020', now(), '16:00:00', now(), '17:00:00', 'F0020'),
('SC0021', now(), '08:00:00', now(), '11:00:00', 'F0021'),
('SC0022', now(), '12:00:00', now(), '14:00:00', 'F0022'),
('SC0023', now(), '12:00:00', now(), '13:00:00', 'F0023'),
('SC0024', now(), '10:00:00', now(), '11:00:00', 'F0024'),
('SC0025', now(), '13:00:00', now(), '14:00:00', 'F0025'),
('SC0026', now(), '18:00:00', now(), '20:00:00', 'F0026'),
('SC0027', now(), '06:00:00', now(), '07:00:00', 'F0027'),
('SC0028', now(), '09:00:00', now(), '12:00:00', 'F0028')

INSERT INTO `airjetdb`.`seat` (
`seatno` ,
`aisle` ,
`classid`
)
VALUES 
('S0001', 'rw', 'CLASS1'),
('S0002', 'rm', 'CLASS1'),
('S0003', 'lw', 'CLASS1'),
('S0004', 'lm', 'CLASS1'),
('S0005', 'rw', 'CLASS2'),
('S0006', 'rm', 'CLASS2'),
('S0007', 'lw', 'CLASS2'),
('S0008', 'lm', 'CLASS2'),
('S0009', 'rw', 'CLASS3'),
('S0010', 'rm', 'CLASS3'),
('S0011', 'lw', 'CLASS3'),
('S0012', 'lm', 'CLASS3')

